id,date,title,link,status_before,categories
77,2024-07-29T20:12:46,Daily Signals - 7/29/24,https://chartingcycles.com/2024/07/29/daily-signals-7-29-24/,publish,1249585
135,2024-07-30T16:33:45,Daily Signals - 7/30/24,https://chartingcycles.com/2024/07/30/daily-signals-7-30-24/,publish,1249585
222,2024-07-31T16:18:31,Daily Signals - 7/31/24,https://chartingcycles.com/2024/07/31/daily-signals-7-31-24/,publish,1249585
230,2024-07-31T17:01:54,Monthly Signals - 7/31/24,https://chartingcycles.com/2024/07/31/monthly-signals-7-31-24/,publish,773294284
245,2024-08-01T16:02:12,Daily Signals - 8/1/24,https://chartingcycles.com/2024/08/01/daily-signals-8-1-24/,publish,1249585
257,2024-08-02T16:09:48,Daily Signals - 8/2/24,https://chartingcycles.com/2024/08/02/daily-signals-8-2-24/,publish,1249585
260,2024-08-02T16:11:42,Weekly Signals - 8/2/24,https://chartingcycles.com/2024/08/02/weekly-signals-8-2-24/,publish,11857447
284,2024-08-05T16:04:58,Daily Signals - 8/5/24,https://chartingcycles.com/2024/08/05/daily-signals-8-5-24/,publish,1249585
309,2024-08-06T16:23:42,Daily Signals - 8/6/24,https://chartingcycles.com/2024/08/06/daily-signals-8-6-24/,publish,1249585
318,2024-08-07T16:08:35,Daily Signals - 8/7/24,https://chartingcycles.com/2024/08/07/daily-signals-8-7-24/,publish,1249585
335,2024-08-08T16:18:42,Daily Signals - 8/8/24,https://chartingcycles.com/2024/08/08/daily-signals-8-8-24/,publish,1249585
344,2024-08-09T16:03:48,Daily Signals - 8/9/24,https://chartingcycles.com/2024/08/09/daily-signals-8-9-24/,publish,1249585
348,2024-08-09T16:16:31,Weekly Signals - 8/9/24,https://chartingcycles.com/2024/08/09/weekly-signals-8-9-24/,publish,11857447
350,2024-08-12T16:25:33,Daily Signals - 8/12/24,https://chartingcycles.com/2024/08/12/daily-signals-8-12-24/,publish,1249585
352,2024-08-13T16:13:46,Daily Signals - 8/13/24,https://chartingcycles.com/2024/08/13/daily-signals-8-13-24/,publish,1249585
354,2024-08-14T16:07:33,Daily Signals - 8/14/24,https://chartingcycles.com/2024/08/14/daily-signals-8-14-24/,publish,1249585
358,2024-08-15T16:12:06,Daily Signals - 8/15/24,https://chartingcycles.com/2024/08/15/daily-signals-8-15-24/,publish,1249585
362,2024-08-15T16:14:37,Developing Monthly Signals - 8/15/24,https://chartingcycles.com/2024/08/15/developing-monthly-signals-8-15-24/,publish,773294284
365,2024-08-16T18:17:36,Daily Signals - 8/16/24,https://chartingcycles.com/2024/08/16/daily-signals-8-16-24/,publish,1249585
369,2024-08-17T10:24:11,Weekly Signals - 8/16/24,https://chartingcycles.com/2024/08/17/weekly-signals-8-16-24/,publish,11857447
374,2024-08-19T16:05:14,Daily Signals - 8/19/24,https://chartingcycles.com/2024/08/19/daily-signals-8-19-24/,publish,1249585
381,2024-08-20T16:26:19,Daily Signals - 8/20/24,https://chartingcycles.com/2024/08/20/daily-signals-8-20-24/,publish,1249585
385,2024-08-21T16:15:22,Daily Signals - 8/21/24,https://chartingcycles.com/2024/08/21/daily-signals-8-21-24/,publish,1249585
387,2024-08-22T16:45:18,Daily Signals - 8/22/24,https://chartingcycles.com/2024/08/22/daily-signals-8-22-24/,publish,1249585
389,2024-08-23T16:14:19,Daily Signals -  8/23/24,https://chartingcycles.com/2024/08/23/daily-signals-8-23-24/,publish,1249585
392,2024-08-23T16:52:51,Weekly Signals - 8/23/24,https://chartingcycles.com/2024/08/23/weekly-signals-8-23-24/,publish,11857447
402,2024-08-26T18:08:50,Daily Signals - 8/26/24,https://chartingcycles.com/2024/08/26/daily-signals-8-26-24/,publish,1249585
407,2024-08-27T16:26:36,Daily Signals - 8/27/24,https://chartingcycles.com/2024/08/27/daily-signals-8-27-24/,publish,1249585
411,2024-08-28T16:11:48,Daily Signals - 8/28/24,https://chartingcycles.com/2024/08/28/daily-signals-8-28-24/,publish,1249585
413,2024-08-29T16:28:27,Daily Signals - 8/29/24,https://chartingcycles.com/2024/08/29/daily-signals-8-29-24/,publish,1249585
415,2024-08-30T16:42:03,Daily Signals - 8/30/24,https://chartingcycles.com/2024/08/30/daily-signals-8-30-24/,publish,1249585
417,2024-08-30T16:43:43,Weekly Signals - 8/30/24,https://chartingcycles.com/2024/08/30/weekly-signals-8-30-24/,publish,11857447
419,2024-08-30T16:45:31,Monthly Signals - 8/30/24,https://chartingcycles.com/2024/08/30/monthly-signals-8-30-24/,publish,773294284
424,2024-09-03T16:05:35,Daily Signals - 9/3/24,https://chartingcycles.com/2024/09/03/daily-signals-9-3-24/,publish,1249585
426,2024-09-04T16:57:18,Daily Signals - 9/4/24,https://chartingcycles.com/2024/09/04/daily-signals-9-4-24/,publish,1249585
428,2024-09-05T18:24:24,Daily Signals - 9/5/24,https://chartingcycles.com/2024/09/05/daily-signals-9-5-24/,publish,1249585
430,2024-09-06T19:32:19,Daily Signals - 9/6/24,https://chartingcycles.com/2024/09/06/daily-signals-9-6-24/,publish,1249585
432,2024-09-06T19:32:54,Weekly Signals - 9/6/24,https://chartingcycles.com/2024/09/06/weekly-signals-9-6-24/,publish,11857447
434,2024-09-09T16:23:04,Daily Signals - 9/9/24,https://chartingcycles.com/2024/09/09/daily-signals-9-9-24/,publish,1249585
436,2024-09-10T19:49:38,Daily Signals - 9/10/24,https://chartingcycles.com/2024/09/10/daily-signals-9-10-24/,publish,1249585
438,2024-09-11T16:04:49,Daily Signals - 9/11/24,https://chartingcycles.com/2024/09/11/daily-signals-9-11-24/,publish,1249585
440,2024-09-12T20:06:30,Daily Signals - 9/12/24,https://chartingcycles.com/2024/09/12/daily-signals-9-12-24/,publish,1249585
442,2024-09-13T16:52:11,Daily Signals - 9/13/24,https://chartingcycles.com/2024/09/13/daily-signals-9-13-24/,publish,1249585
444,2024-09-13T16:52:48,Weekly Signals - 9/13/24,https://chartingcycles.com/2024/09/13/weekly-signals-9-13-24/,publish,11857447
446,2024-09-15T15:47:11,Developing Monthly Signals - 9/15/24,https://chartingcycles.com/2024/09/15/developing-monthly-signals-9-15-24/,publish,773294284
448,2024-09-16T16:29:49,Daily Signals - 9/16/24,https://chartingcycles.com/2024/09/16/daily-signals-9-16-24/,publish,1249585
451,2024-09-17T16:26:09,Daily Signals - 9/17/24,https://chartingcycles.com/2024/09/17/daily-signals-9-17-24/,publish,1249585
453,2024-09-18T16:46:15,Daily Signals - 9/18/24,https://chartingcycles.com/2024/09/18/daily-signals-9-18-24/,publish,1249585
455,2024-09-19T17:35:48,Daily Signals - 9/19/24,https://chartingcycles.com/2024/09/19/daily-signals-9-19-24/,publish,1249585
459,2024-09-20T16:17:19,Daily Signals - 9/20/24,https://chartingcycles.com/2024/09/20/daily-signals-9-20-24/,publish,1249585
461,2024-09-20T16:17:53,Weekly Signals - 9/20/24,https://chartingcycles.com/2024/09/20/weekly-signals-9-20-24/,publish,11857447
478,2024-09-23T16:16:29,Daily Signals - 9/23/24,https://chartingcycles.com/2024/09/23/daily-signals-9-23-24/,publish,1249585
481,2024-09-24T16:15:48,Daily Signals - 9/24/24,https://chartingcycles.com/2024/09/24/daily-signals-9-24-24/,publish,1249585
491,2024-09-25T18:05:17,Daily Signals - 9/25/24,https://chartingcycles.com/2024/09/25/daily-signals-9-25-24/,publish,1249585
493,2024-09-26T23:08:54,Daily Signals - 9/26/24,https://chartingcycles.com/2024/09/26/daily-signals-9-26-24/,publish,1249585
497,2024-09-27T19:07:51,Daily Signals - 9/27/24,https://chartingcycles.com/2024/09/27/daily-signals-9-27-24/,publish,1249585
499,2024-09-27T19:08:33,Weekly Signals - 9/27/24,https://chartingcycles.com/2024/09/27/weekly-signals-9-27-24/,publish,11857447
501,2024-09-30T16:05:04,Daily Signals - 9/30/24,https://chartingcycles.com/2024/09/30/daily-signals-9-30-24/,publish,1249585
503,2024-09-30T16:05:32,Monthly Signals - 9/30/24,https://chartingcycles.com/2024/09/30/monthly-signals-9-30-24/,publish,773294284
505,2024-10-01T17:04:09,Daily Signals - 10/1/24,https://chartingcycles.com/2024/10/01/daily-signals-10-1-24/,publish,1249585
507,2024-10-02T16:47:39,Daily Signals - 10/2/24,https://chartingcycles.com/2024/10/02/daily-signals-10-2-24/,publish,1249585
509,2024-10-03T19:09:59,Daily Signals - 10/3/24,https://chartingcycles.com/2024/10/03/daily-signals-10-3-24/,publish,1249585
511,2024-10-04T16:16:56,Daily Signals - 10/4/24,https://chartingcycles.com/2024/10/04/daily-signals-10-4-24/,publish,1249585
513,2024-10-04T16:19:08,Weekly Signals - 10/4/24,https://chartingcycles.com/2024/10/04/weekly-signals-10-4-24/,publish,11857447
515,2024-10-07T16:34:21,Daily Signals - 10/7/24,https://chartingcycles.com/2024/10/07/daily-signals-10-7-24/,publish,1249585
519,2024-10-08T16:26:36,Daily Signals - 10/8/24,https://chartingcycles.com/2024/10/08/daily-signals-10-8-24/,publish,1249585
524,2024-10-09T16:41:51,Daily Signals - 10/9/24,https://chartingcycles.com/2024/10/09/daily-signals-10-9-24/,publish,1249585
533,2024-10-10T16:39:00,Daily Signals - 10/10/24,https://chartingcycles.com/2024/10/10/daily-signals-10-10-24/,publish,1249585
535,2024-10-11T16:06:55,Daily Signals - 10/11/24,https://chartingcycles.com/2024/10/11/daily-signals-10-11-24/,publish,1249585
537,2024-10-11T16:07:38,Weekly Signals - 10/11/24,https://chartingcycles.com/2024/10/11/weekly-signals-10-11-24/,publish,11857447
544,2024-10-15T11:28:01,Daily Signals - 10/14/24,https://chartingcycles.com/2024/10/15/daily-signals-10-14-24/,publish,1249585
548,2024-10-16T15:01:08,Daily Signals - 10/15/24,https://chartingcycles.com/2024/10/16/daily-signals-10-15-24/,publish,1249585
550,2024-10-16T15:02:13,Developing Monthly Signals - 10/15/24,https://chartingcycles.com/2024/10/16/developing-monthly-signals-10-15-24/,publish,773294284
552,2024-10-20T12:39:44,Daily Signals - 10/19/24,https://chartingcycles.com/2024/10/20/daily-signals-10-19-24/,publish,1249585
554,2024-10-20T12:40:51,Weekly Signals - 10/19/24,https://chartingcycles.com/2024/10/20/weekly-signals-10-19-24/,publish,11857447
585,2024-10-26T18:14:53,Daily Signals - 10/25/24,https://chartingcycles.com/2024/10/26/daily-signals-10-25-24/,publish,1249585
587,2024-10-26T18:15:37,Weekly Signals - 10/25/24,https://chartingcycles.com/2024/10/26/weekly-signals-10-25-24/,publish,11857447
590,2024-10-29T06:39:44,Daily Signals - 10/28/24,https://chartingcycles.com/2024/10/29/daily-signals-10-28-24/,publish,1249585
592,2024-10-30T05:57:50,Daily Signals - 10/29/24,https://chartingcycles.com/2024/10/30/daily-signals-10-29-24/,publish,1249585
594,2024-10-30T19:21:40,Daily Signals - 10/30/24,https://chartingcycles.com/2024/10/30/daily-signals-10-30-24/,publish,1249585
596,2024-10-31T16:07:56,Daily Signals - 10/31/24,https://chartingcycles.com/2024/10/31/daily-signals-10-31-24/,publish,1249585
598,2024-10-31T16:11:24,Monthly Signals - 10/31/24,https://chartingcycles.com/2024/10/31/monthly-signals-10-31-24/,publish,773294284
600,2024-11-02T09:27:36,Daily Signals - 11/1/24,https://chartingcycles.com/2024/11/02/daily-signals-11-1-24/,publish,1249585
602,2024-11-02T09:28:06,Weekly Signals - 11/1/24,https://chartingcycles.com/2024/11/02/weekly-signals-11-1-24/,publish,11857447
606,2024-11-04T16:20:35,Daily Signals - 11/4/24,https://chartingcycles.com/2024/11/04/daily-signals-11-4-24/,publish,1249585
608,2024-11-05T18:20:46,Daily Signals - 11/5/24,https://chartingcycles.com/2024/11/05/daily-signals-11-5-24/,publish,1249585
610,2024-11-06T16:41:11,Daily Signals - 11/6/24,https://chartingcycles.com/2024/11/06/daily-signals-11-6-24/,publish,1249585
630,2024-11-08T16:41:09,Daily Signals - 11/8/24,https://chartingcycles.com/2024/11/08/daily-signals-11-8-24/,publish,1249585
632,2024-11-08T16:41:47,Weekly Signals - 11/8/24,https://chartingcycles.com/2024/11/08/weekly-signals-11-8-24/,publish,11857447
637,2024-11-11T16:09:26,Daily Signals - 11/11/24,https://chartingcycles.com/2024/11/11/daily-signals-11-11-24/,publish,1249585
641,2024-11-12T22:16:55,Daily Signals - 11/12/24,https://chartingcycles.com/2024/11/12/daily-signals-11-12-24/,publish,1249585
644,2024-11-13T20:54:42,Daily Signals - 11/13/24,https://chartingcycles.com/2024/11/13/daily-signals-11-13-24/,publish,1249585
646,2024-11-14T20:01:10,Daily Signals - 11/14/24,https://chartingcycles.com/2024/11/14/daily-signals-11-14-24/,publish,1249585
652,2024-11-17T13:05:15,Daily Signals - 11/15/24,https://chartingcycles.com/2024/11/17/daily-signals-11-15-24/,publish,1249585
654,2024-11-17T13:05:56,Weekly Signals - 11/15/24,https://chartingcycles.com/2024/11/17/weekly-signals-11-15-24/,publish,11857447
656,2024-11-17T13:11:42,Developing Monthly Signals - 11/15/24,https://chartingcycles.com/2024/11/17/developing-monthly-signals-11-15-24/,publish,773294284
659,2024-11-18T19:46:03,Daily Signals - 11/18/24,https://chartingcycles.com/2024/11/18/daily-signals-11-18-24/,publish,1249585
661,2024-11-19T16:30:56,Daily Signals - 11/19/24,https://chartingcycles.com/2024/11/19/daily-signals-11-19-24/,publish,1249585
663,2024-11-20T16:19:07,Daily Signals - 11/20/24,https://chartingcycles.com/2024/11/20/daily-signals-11-20-24/,publish,1249585
667,2024-11-21T20:38:29,Daily Signals - 11/21/24,https://chartingcycles.com/2024/11/21/daily-signals-11-21-24/,publish,1249585
687,2024-11-24T19:49:30,Daily Signals - 11/22/24,https://chartingcycles.com/2024/11/24/daily-signals-11-22-24/,publish,1249585
690,2024-11-24T19:50:33,Weekly Signals - 11/22/24,https://chartingcycles.com/2024/11/24/weekly-signals-11-22-24/,publish,11857447
693,2024-11-25T21:32:44,Daily Signals - 11/25/24,https://chartingcycles.com/2024/11/25/daily-signals-11-25-24/,publish,1249585
698,2024-11-26T18:48:49,Daily Signals - 11/26/24,https://chartingcycles.com/2024/11/26/daily-signals-11-26-24/,publish,1249585
707,2024-11-28T17:25:10,Daily Signals - 11/27/24,https://chartingcycles.com/2024/11/28/daily-signals-11-27-24/,publish,1249585
713,2024-11-29T17:57:16,Daily Signals - 11/29/24,https://chartingcycles.com/2024/11/29/daily-signals-11-29-24/,publish,1249585
730,2024-11-29T17:58:24,Weekly Signals - 11/29/24,https://chartingcycles.com/2024/11/29/weekly-signals-11-29-24/,publish,11857447
732,2024-11-29T18:00:41,Monthly Signals - 11/29/24,https://chartingcycles.com/2024/11/29/monthly-signals-11-29-24/,publish,773294284
793,2024-12-02T14:01:04,Daily Signals - 12/2/24,https://chartingcycles.com/2024/12/02/daily-signals-12-2-24/,publish,1249585
796,2024-12-03T17:50:43,Daily Signals - 12/3/24,https://chartingcycles.com/2024/12/03/daily-signals-12-3-24/,publish,1249585
798,2024-12-04T13:26:14,Daily Signals - 12/4/24,https://chartingcycles.com/2024/12/04/daily-signals-12-4-24/,publish,1249585
801,2024-12-05T14:35:38,Daily Signals - 12/5/24,https://chartingcycles.com/2024/12/05/daily-signals-12-5-24/,publish,1249585
803,2024-12-06T14:57:43,Daily Signals - 12/6/24,https://chartingcycles.com/2024/12/06/daily-signals-12-6-24/,publish,1249585
805,2024-12-06T14:58:16,Weekly Signals - 12/6/24,https://chartingcycles.com/2024/12/06/weekly-signals-12-6-24/,publish,11857447
812,2024-12-09T16:37:28,Daily Signals - 12/9/24,https://chartingcycles.com/2024/12/09/daily-signals-12-9-24/,publish,1249585
829,2024-12-10T13:40:45,Daily Signals - 12/10/24,https://chartingcycles.com/2024/12/10/daily-signals-12-10-24/,publish,1249585
836,2024-12-11T14:13:04,Daily Signals - 12/11/24,https://chartingcycles.com/2024/12/11/daily-signals-12-11-24/,publish,1249585
858,2024-12-12T15:00:49,Daily Signals - 12/12/24,https://chartingcycles.com/2024/12/12/daily-signals-12-12-24/,publish,1249585
864,2024-12-13T13:27:39,Daily Signals - 12/13/24,https://chartingcycles.com/2024/12/13/daily-signals-12-13-24/,publish,1249585
868,2024-12-13T14:13:17,Weekly Signals - 12/13/24,https://chartingcycles.com/2024/12/13/weekly-signals-12-13-24/,publish,11857447
891,2024-12-15T16:05:53,Developing Monthly Signals - 12/15/24,https://chartingcycles.com/2024/12/15/developing-monthly-signals-12-15-24/,publish,773294284
903,2024-12-16T13:49:32,Daily Signals - 12/16/24,https://chartingcycles.com/2024/12/16/daily-signals-12-16-24/,publish,1249585
924,2024-12-17T17:06:07,Daily Signals - 12/17/24,https://chartingcycles.com/2024/12/17/daily-signals-12-17-24/,publish,1249585
937,2024-12-18T13:53:07,Daily Signals - 12/18/24,https://chartingcycles.com/2024/12/18/daily-signals-12-18-24/,publish,1249585
939,2024-12-19T14:43:13,Daily Signals - 12/19/24,https://chartingcycles.com/2024/12/19/daily-signals-12-19-24/,publish,1249585
945,2024-12-20T14:02:14,Daily Signals - 12/20/24,https://chartingcycles.com/2024/12/20/daily-signals-12-20-24/,publish,1249585
948,2024-12-20T14:05:22,Weekly Signals - 12/20/24,https://chartingcycles.com/2024/12/20/weekly-signals-12-20-24/,publish,11857447
963,2024-12-23T13:30:52,Daily Signals - 12/23/24,https://chartingcycles.com/2024/12/23/daily-signals-12-23-24/,publish,1249585
969,2024-12-24T10:19:56,Daily Signals - 12/24/24,https://chartingcycles.com/2024/12/24/daily-signals-12-24-24/,publish,1249585
979,2024-12-26T17:14:47,Daily Signals - 12/26/24,https://chartingcycles.com/2024/12/26/daily-signals-12-26-24/,publish,1249585
981,2024-12-27T14:13:57,Daily Signals - 12/27/24,https://chartingcycles.com/2024/12/27/daily-signals-12-27-24/,publish,1249585
983,2024-12-27T14:19:19,Weekly Signals - 12/27/24,https://chartingcycles.com/2024/12/27/weekly-signals-12-27-24/,publish,11857447
991,2024-12-30T19:38:24,Daily Signals - 12/30/24,https://chartingcycles.com/2024/12/30/daily-signals-12-30-24/,publish,1249585
994,2024-12-31T16:36:03,Daily Signals - 12/31/24,https://chartingcycles.com/2024/12/31/daily-signals-12-31-24/,publish,1249585
996,2024-12-31T16:37:18,Monthly Signals - 12/31/24,https://chartingcycles.com/2024/12/31/monthly-signals-12-31-24/,publish,773294284
1000,2025-01-02T14:32:50,Daily Signals - 1/2/25,https://chartingcycles.com/2025/01/02/daily-signals-1-2-25/,publish,1249585
1008,2025-01-03T16:00:45,Daily Signals - 1/3/25,https://chartingcycles.com/2025/01/03/daily-signals-1-3-25/,publish,1249585
1011,2025-01-03T17:28:35,Weekly Signals - 1/3/25,https://chartingcycles.com/2025/01/03/weekly-signals-1-3-25/,publish,11857447
1036,2025-01-06T14:04:06,Daily Signals - 1/6/25,https://chartingcycles.com/2025/01/06/daily-signals-1-6-25/,publish,1249585
1044,2025-01-07T13:39:08,Daily Signals - 1/7/25,https://chartingcycles.com/2025/01/07/daily-signals-1-7-25/,publish,1249585
1047,2025-01-08T13:34:30,Daily Signals - 1/8/25,https://chartingcycles.com/2025/01/08/daily-signals-1-8-25/,publish,1249585
1052,2025-01-10T15:50:37,Weekly Signals - 1/10/25,https://chartingcycles.com/2025/01/10/weekly-signals-1-10-25/,publish,11857447
1057,2025-01-10T15:59:18,Daily Signals - 1/10/25,https://chartingcycles.com/2025/01/10/daily-signals-1-10-25/,publish,1249585
1068,2025-01-13T14:04:05,Daily Signals - 1/13/25,https://chartingcycles.com/2025/01/13/daily-signals-1-13-25/,publish,1249585
1075,2025-01-14T13:29:59,Daily Signals - 1/14/25,https://chartingcycles.com/2025/01/14/daily-signals-1-14-25/,publish,1249585
1078,2025-01-15T13:13:57,Daily Signals - 1/15/25,https://chartingcycles.com/2025/01/15/daily-signals-1-15-25/,publish,1249585
1082,2025-01-15T13:45:30,Developing Monthly Signals - 1/15/25,https://chartingcycles.com/2025/01/15/developing-monthly-signals-1-15-25/,publish,773294284
1088,2025-01-16T13:29:01,Daily Signals - 1/16/25,https://chartingcycles.com/2025/01/16/daily-signals-1-16-25/,publish,1249585
1093,2025-01-17T17:25:10,Daily Signals - 1/17/25,https://chartingcycles.com/2025/01/17/daily-signals-1-17-25/,publish,1249585
1096,2025-01-17T17:34:12,Weekly Signals - 1/17/25,https://chartingcycles.com/2025/01/17/weekly-signals-1-17-25/,publish,11857447
1133,2025-01-21T13:14:55,Daily Signals - 1/21/25,https://chartingcycles.com/2025/01/21/daily-signals-1-21-25/,publish,1249585
1136,2025-01-22T13:31:16,Daily Signals - 1/22/25,https://chartingcycles.com/2025/01/22/daily-signals-1-22-25/,publish,1249585
1139,2025-01-23T13:22:50,Daily Signals - 1/23/25,https://chartingcycles.com/2025/01/23/daily-signals-1-23-25/,publish,1249585
1144,2025-01-24T13:16:42,Daily Signals - 1/24/25,https://chartingcycles.com/2025/01/24/daily-signals-1-24-25/,publish,1249585
1146,2025-01-24T13:25:19,Weekly Signals - 1/24/25,https://chartingcycles.com/2025/01/24/weekly-signals-1-24-25/,publish,11857447
1152,2025-01-27T13:30:23,Daily Signals - 1/27/25,https://chartingcycles.com/2025/01/27/daily-signals-1-27-25/,publish,1249585
1155,2025-01-28T13:55:20,Daily Signals - 1/28/25,https://chartingcycles.com/2025/01/28/daily-signals-1-28-25/,publish,1249585
1159,2025-01-29T13:18:24,Daily Signals - 1/29/25,https://chartingcycles.com/2025/01/29/daily-signals-1-29-25/,publish,1249585
1162,2025-01-30T13:20:49,Daily Signals - 1/30/25,https://chartingcycles.com/2025/01/30/daily-signals-1-30-25/,publish,1249585
1166,2025-01-31T14:05:34,Daily Signals - 1/31/25,https://chartingcycles.com/2025/01/31/daily-signals-1-31-25/,publish,1249585
1170,2025-01-31T14:08:21,Weekly Signals - 1/31/25,https://chartingcycles.com/2025/01/31/weekly-signals-1-31-25/,publish,11857447
1173,2025-01-31T14:11:17,Monthly Signals - 1/31/25,https://chartingcycles.com/2025/01/31/monthly-signals-1-31-25/,publish,773294284
1180,2025-02-03T14:50:34,Daily Signals - 2/3/25,https://chartingcycles.com/2025/02/03/daily-signals-2-3-25/,publish,1249585
1183,2025-02-04T16:31:14,Daily Signals - 2/4/25,https://chartingcycles.com/2025/02/04/daily-signals-2-4-25/,publish,1249585
1190,2025-02-05T13:37:40,Daily Signals - 2/5/25,https://chartingcycles.com/2025/02/05/daily-signals-2-5-25/,publish,1249585
1193,2025-02-06T13:28:06,Daily Signals - 2/6/25,https://chartingcycles.com/2025/02/06/daily-signals-2-6-25/,publish,1249585
1196,2025-02-07T13:17:27,Daily Signals - 2/7/25,https://chartingcycles.com/2025/02/07/daily-signals-2-7-25/,publish,1249585
1198,2025-02-07T13:18:41,Weekly Signals - 2/7/25,https://chartingcycles.com/2025/02/07/weekly-signals-2-7-25/,publish,11857447
1207,2025-02-10T14:13:09,Daily Signals - 2/10/25,https://chartingcycles.com/2025/02/10/daily-signals-2-10-25/,publish,1249585
1212,2025-02-11T15:00:39,Daily Signals - 2/11/25,https://chartingcycles.com/2025/02/11/daily-signals-2-11-25/,publish,1249585
1215,2025-02-12T16:52:07,Daily Signals - 2/12/25,https://chartingcycles.com/2025/02/12/daily-signals-2-12-25/,publish,1249585
1218,2025-02-13T13:48:53,Daily Signals - 2/13/25,https://chartingcycles.com/2025/02/13/daily-signals-2-13-25/,publish,1249585
1221,2025-02-14T14:13:52,Daily Signals - 2/14/25,https://chartingcycles.com/2025/02/14/daily-signals-2-14-25/,publish,1249585
1226,2025-02-14T14:25:48,Weekly Signals - 2/14/25,https://chartingcycles.com/2025/02/14/weekly-signals-2-14-25/,publish,11857447
1240,2025-02-19T08:32:03,Daily Signals - 2/18/25,https://chartingcycles.com/2025/02/19/daily-signals-2-18-25/,publish,1249585
1242,2025-02-19T13:16:29,Daily Signals - 2/19/25,https://chartingcycles.com/2025/02/19/daily-signals-2-19-25/,publish,1249585
1244,2025-02-19T15:27:39,Developing Monthly Signals - 2/19/25,https://chartingcycles.com/2025/02/19/developing-monthly-signals-2-19-25/,publish,773294284
1248,2025-02-20T16:15:23,Daily Signals - 2/20/25,https://chartingcycles.com/2025/02/20/daily-signals-2-20-25/,publish,1249585
1262,2025-02-21T14:24:18,Daily Signals - 2/21/25,https://chartingcycles.com/2025/02/21/daily-signals-2-21-25/,publish,1249585
1267,2025-02-21T14:39:45,Weekly Signals - 2/21/25,https://chartingcycles.com/2025/02/21/weekly-signals-2-21-25/,publish,11857447
1282,2025-02-24T13:18:10,Daily Signals - 2/24/25,https://chartingcycles.com/2025/02/24/daily-signals-2-24-25/,publish,1249585
1290,2025-02-25T13:29:34,Daily Signals 2/25/25,https://chartingcycles.com/2025/02/25/daily-signals-2-25-25/,publish,1249585
1296,2025-02-26T21:10:07,Daily Signals - 2/26/25,https://chartingcycles.com/2025/02/26/daily-signals-2-26-25/,publish,1249585
1299,2025-02-27T13:19:24,Daily Signals - 2/27/25,https://chartingcycles.com/2025/02/27/daily-signals-2-27-25/,publish,1249585
1314,2025-02-28T14:04:37,Daily Signals - 2/28/25,https://chartingcycles.com/2025/02/28/daily-signals-2-28-25/,publish,1249585
1316,2025-02-28T14:06:05,Weekly Signals - 2/28/25,https://chartingcycles.com/2025/02/28/weekly-signals-2-28-25/,publish,11857447
1319,2025-02-28T14:07:28,Monthly Signals - 2/28/25,https://chartingcycles.com/2025/02/28/monthly-signals-2-28-25/,publish,773294284
1340,2025-03-03T14:22:17,Daily Signals - 3/3/25,https://chartingcycles.com/2025/03/03/daily-signals-3-3-25/,publish,1249585
1346,2025-03-04T14:02:33,Daily Signals - 3/4/25,https://chartingcycles.com/2025/03/04/daily-signals-3-4-25/,publish,1249585
1349,2025-03-05T17:06:27,Daily Signals - 3/5/25,https://chartingcycles.com/2025/03/05/daily-signals-3-5-25/,publish,1249585
1354,2025-03-06T13:58:29,Daily Signals - 3/6/25,https://chartingcycles.com/2025/03/06/daily-signals-3-6-25/,publish,1249585
1358,2025-03-07T14:40:00,Daily Signals - 3/7/25,https://chartingcycles.com/2025/03/07/daily-signals-3-7-25/,publish,1249585
1360,2025-03-07T14:40:40,Weekly Signals - 3/7/25,https://chartingcycles.com/2025/03/07/weekly-signals-3-7-25/,publish,11857447
1370,2025-03-10T15:00:28,Daily Signals - 3/10/25,https://chartingcycles.com/2025/03/10/daily-signals-3-10-25/,publish,1249585
1373,2025-03-11T13:29:34,Daily Signals - 3/11/25,https://chartingcycles.com/2025/03/11/daily-signals-3-11-25/,publish,1249585
1376,2025-03-12T13:26:12,Daily Signals - 3/12/25,https://chartingcycles.com/2025/03/12/daily-signals-3-12-25/,publish,1249585
1384,2025-03-13T13:50:13,Daily Signals - 3/13/25,https://chartingcycles.com/2025/03/13/daily-signals-3-13-25/,publish,1249585
1388,2025-03-15T08:51:44,Daily Signals - 3/14/25,https://chartingcycles.com/2025/03/15/daily-signals-3-14-25/,publish,1249585
1391,2025-03-15T08:53:29,Weekly Signals - 3/14/25,https://chartingcycles.com/2025/03/15/weekly-signals-3-14-25/,publish,11857447
1393,2025-03-15T08:54:06,Developing Monthly Signals - 3/14/25,https://chartingcycles.com/2025/03/15/developing-monthly-signals-3-14-25/,publish,773294284
1401,2025-03-17T14:18:08,Daily Signals - 3/17/25,https://chartingcycles.com/2025/03/17/daily-signals-3-17-25/,publish,1249585
1411,2025-03-18T19:43:56,Daily Signals - 3/18/25,https://chartingcycles.com/2025/03/18/daily-signals-3-18-25/,publish,1249585
1417,2025-03-19T13:20:15,Daily Signals - 3/19/25,https://chartingcycles.com/2025/03/19/daily-signals-3-19-25/,publish,1249585
1422,2025-03-20T14:43:39,Daily Signals - 3/20/25,https://chartingcycles.com/2025/03/20/daily-signals-3-20-25/,publish,1249585
1427,2025-03-21T15:23:07,Daily Signals - 3/21/25,https://chartingcycles.com/2025/03/21/daily-signals-3-21-25/,publish,1249585
1430,2025-03-21T15:24:05,Weekly Signals - 3/21/25,https://chartingcycles.com/2025/03/21/weekly-signals-3-21-25/,publish,11857447
1443,2025-03-24T15:22:32,Daily Signals - 3/24/25,https://chartingcycles.com/2025/03/24/daily-signals-3-24-25/,publish,1249585
1445,2025-03-25T14:32:29,Daily Signals - 3/25/25,https://chartingcycles.com/2025/03/25/daily-signals-3-25-25/,publish,1249585
1448,2025-03-26T14:31:38,Daily Signals - 3/26/25,https://chartingcycles.com/2025/03/26/daily-signals-3-26-25/,publish,1249585
1450,2025-03-27T19:35:23,Daily Signals - 3/27/25,https://chartingcycles.com/2025/03/27/daily-signals-3-27-25/,publish,1249585
1454,2025-03-28T15:55:43,Daily Signals - 3/28/25,https://chartingcycles.com/2025/03/28/daily-signals-3-28-25/,publish,1249585
1456,2025-03-28T15:56:32,Weekly Signals - 3/28/25,https://chartingcycles.com/2025/03/28/weekly-signals-3-28-25/,publish,11857447
1465,2025-03-31T15:11:35,Daily Signals - 3/31/25,https://chartingcycles.com/2025/03/31/daily-signals-3-31-25/,publish,1249585
1467,2025-03-31T15:12:18,Monthly Signals - 3/31/25,https://chartingcycles.com/2025/03/31/monthly-signals-3-31-25/,publish,773294284
1482,2025-04-01T14:42:51,Daily Signals - 4/1/25,https://chartingcycles.com/2025/04/01/daily-signals-4-1-25/,publish,1249585
1492,2025-04-02T13:12:15,Daily Signals - 4/2/25,https://chartingcycles.com/2025/04/02/daily-signals-4-2-25/,publish,1249585
1500,2025-04-03T16:09:02,Daily Signals - 4/3/25,https://chartingcycles.com/2025/04/03/daily-signals-4-3-25/,publish,1249585
1503,2025-04-04T14:25:45,Daily Signals - 4/4/25,https://chartingcycles.com/2025/04/04/daily-signals-4-4-25/,publish,1249585
1505,2025-04-04T14:26:30,Weekly Signals - 4/4/25,https://chartingcycles.com/2025/04/04/weekly-signals-4-4-25/,publish,11857447
1514,2025-04-07T14:31:14,Daily Signals - 4/7/25,https://chartingcycles.com/2025/04/07/daily-signals-4-7-25/,publish,1249585
1521,2025-04-08T14:30:14,Daily Signals - 4/8/25,https://chartingcycles.com/2025/04/08/daily-signals-4-8-25/,publish,1249585
1526,2025-04-09T13:28:05,Daily Signals - 4/9/25,https://chartingcycles.com/2025/04/09/daily-signals-4-9-25/,publish,1249585
1532,2025-04-10T16:47:56,Daily Signals - 4/10/25,https://chartingcycles.com/2025/04/10/daily-signals-4-10-25/,publish,1249585
1538,2025-04-11T16:26:03,Daily Signals - 4/11/25,https://chartingcycles.com/2025/04/11/daily-signals-4-11-25/,publish,1249585
1541,2025-04-11T16:26:33,Weekly Signals - 4/11/25,https://chartingcycles.com/2025/04/11/weekly-signals-4-11-25/,publish,11857447
1549,2025-04-14T13:29:58,Daily Signals - 4/14/25,https://chartingcycles.com/2025/04/14/daily-signals-4-14-25/,publish,1249585
1592,2025-04-15T13:37:34,Daily Signals - 4/15/25,https://chartingcycles.com/2025/04/15/daily-signals-4-15-25/,publish,1249585
1594,2025-04-15T13:38:17,Developing Monthly Signals - 4/15/25,https://chartingcycles.com/2025/04/15/developing-monthly-signals-4-15-25/,publish,773294284
1599,2025-04-16T14:34:45,Daily Signals - 4/16/25,https://chartingcycles.com/2025/04/16/daily-signals-4-16-25/,publish,1249585
1603,2025-04-17T19:07:22,Daily Signals - 4/17/25,https://chartingcycles.com/2025/04/17/daily-signals-4-17-25/,publish,1249585
1606,2025-04-17T19:08:50,Weekly Signals - 4/17/25,https://chartingcycles.com/2025/04/17/weekly-signals-4-17-25/,publish,11857447
1620,2025-04-21T15:15:00,Daily Signals - 4/21/25,https://chartingcycles.com/2025/04/21/daily-signals-4-21-25/,publish,1249585
1628,2025-04-22T19:38:22,Daily Signals - 4/22/25,https://chartingcycles.com/2025/04/22/daily-signals-4-22-25/,publish,1249585
1631,2025-04-23T21:00:48,Daily Signals - 4/23/25,https://chartingcycles.com/2025/04/23/daily-signals-4-23-25/,publish,1249585
1635,2025-04-24T13:46:10,Daily Signals - 4/24/25,https://chartingcycles.com/2025/04/24/daily-signals-4-24-25/,publish,1249585
1640,2025-04-25T13:35:02,Daily Signals - 4/25/25,https://chartingcycles.com/2025/04/25/daily-signals-4-25-25/,publish,1249585
1642,2025-04-25T13:35:27,Weekly Signals - 4/25/25,https://chartingcycles.com/2025/04/25/weekly-signals-4-25-25/,publish,11857447
1661,2025-04-28T13:49:19,Daily Signals - 4/28/25,https://chartingcycles.com/2025/04/28/daily-signals-4-28-25/,publish,1249585
1664,2025-04-29T19:48:48,Daily Signals - 4/29/25,https://chartingcycles.com/2025/04/29/daily-signals-4-29-25/,publish,1249585
1668,2025-04-30T14:15:50,Daily Signals - 4/30/25,https://chartingcycles.com/2025/04/30/daily-signals-4-30-25/,publish,1249585
1670,2025-04-30T14:16:23,Monthly Signals - 4/30/25,https://chartingcycles.com/2025/04/30/monthly-signals-4-30-25/,publish,773294284
1676,2025-05-01T13:30:44,Daily Signals - 5/1/25,https://chartingcycles.com/2025/05/01/daily-signals-5-1-25/,publish,1249585
1678,2025-05-02T13:22:45,Daily Signals - 5/2/25,https://chartingcycles.com/2025/05/02/daily-signals-5-2-25/,publish,1249585
1680,2025-05-02T13:28:16,Weekly Signals - 5/2/25,https://chartingcycles.com/2025/05/02/weekly-signals-5-2-25/,publish,11857447
1687,2025-05-05T13:12:48,Daily Signals - 5/5/25,https://chartingcycles.com/2025/05/05/daily-signals-5-5-25/,publish,1249585
1697,2025-05-06T15:07:52,Daily Signals - 5/6/25,https://chartingcycles.com/2025/05/06/daily-signals-5-6-25/,publish,1249585
1700,2025-05-07T16:15:10,Daily Signals - 5/7/25,https://chartingcycles.com/2025/05/07/daily-signals-5-7-25/,publish,1249585
1702,2025-05-08T15:01:36,Daily Signals - 5/8/25,https://chartingcycles.com/2025/05/08/daily-signals-5-8-25/,publish,1249585
1708,2025-05-09T13:23:46,Daily Signals - 5/9/25,https://chartingcycles.com/2025/05/09/daily-signals-5-9-25/,publish,1249585
1709,2025-05-09T13:23:47,Weekly Signals - 5/9/25,https://chartingcycles.com/2025/05/09/weekly-signals-5-9-25/,publish,11857447
1718,2025-05-12T14:46:10,Daily Signals - 5/12/25,https://chartingcycles.com/2025/05/12/daily-signals-5-12-25/,publish,1249585
1729,2025-05-13T14:33:46,Daily Signals - 5/13/25,https://chartingcycles.com/2025/05/13/daily-signals-5-13-25/,publish,1249585
1732,2025-05-14T14:04:50,Daily Signals - 5/14/25,https://chartingcycles.com/2025/05/14/daily-signals-5-14-25/,publish,1249585
1737,2025-05-15T14:05:38,Developing Monthly Signals - 5/15/25,https://chartingcycles.com/2025/05/15/developing-monthly-signals-5-15-25/,publish,773294284
1738,2025-05-15T14:05:39,Daily Signals - 5/15/25,https://chartingcycles.com/2025/05/15/daily-signals-5-15-25/,publish,1249585
1747,2025-05-16T14:05:55,Daily Signals - 5/16/25,https://chartingcycles.com/2025/05/16/daily-signals-5-16-25/,publish,1249585
1748,2025-05-16T14:05:56,Weekly Signals - 5/16/25,https://chartingcycles.com/2025/05/16/weekly-signals-5-16-25/,publish,11857447
1760,2025-05-19T14:05:54,Daily Signals - 5/19/25,https://chartingcycles.com/2025/05/19/daily-signals-5-19-25/,publish,1249585
1768,2025-05-20T14:06:23,Daily Signals - 5/20/25,https://chartingcycles.com/2025/05/20/daily-signals-5-20-25/,publish,1249585
1775,2025-05-21T14:06:25,Daily Signals - 5/21/25,https://chartingcycles.com/2025/05/21/daily-signals-5-21-25/,publish,1249585
1780,2025-05-22T14:06:47,Daily Signals - 5/22/25,https://chartingcycles.com/2025/05/22/daily-signals-5-22-25/,publish,1249585
1782,2025-05-23T14:21:11,Daily Signals - 5/23/25,https://chartingcycles.com/2025/05/23/daily-signals-5-23-25/,publish,1249585
1783,2025-05-23T14:21:11,Weekly Signals - 5/23/25,https://chartingcycles.com/2025/05/23/weekly-signals-5-23-25/,publish,11857447
1805,2025-05-27T14:05:58,Daily Signals - 5/27/25,https://chartingcycles.com/2025/05/27/daily-signals-5-27-25/,publish,1249585
1808,2025-05-28T14:05:36,Daily Signals - 5/28/25,https://chartingcycles.com/2025/05/28/daily-signals-5-28-25/,publish,1249585
1813,2025-05-29T14:05:00,Daily Signals - 5/29/25,https://chartingcycles.com/2025/05/29/daily-signals-5-29-25/,publish,1249585
1822,2025-05-30T14:05:29,Daily Signals - 5/30/25,https://chartingcycles.com/2025/05/30/daily-signals-5-30-25/,publish,1249585
1823,2025-05-30T14:05:29,Weekly Signals - 5/30/25,https://chartingcycles.com/2025/05/30/weekly-signals-5-30-25/,publish,11857447
1824,2025-05-30T14:05:30,Monthly Signals - 5/30/25,https://chartingcycles.com/2025/05/30/monthly-signals-5-30-25/,publish,773294284
1827,2025-06-02T14:05:02,Daily Signals - 6/2/25,https://chartingcycles.com/2025/06/02/daily-signals-6-2-25/,publish,1249585
1836,2025-06-03T14:05:13,Daily Signals - 6/3/25,https://chartingcycles.com/2025/06/03/daily-signals-6-3-25/,publish,1249585
1841,2025-06-04T14:04:38,Daily Signals - 6/4/25,https://chartingcycles.com/2025/06/04/daily-signals-6-4-25/,publish,1249585
1845,2025-06-05T14:05:10,Daily Signals - 6/5/25,https://chartingcycles.com/2025/06/05/daily-signals-6-5-25/,publish,1249585
1851,2025-06-06T14:03:44,Daily Signals - 6/6/25,https://chartingcycles.com/2025/06/06/daily-signals-6-6-25/,publish,1249585
1852,2025-06-06T14:03:45,Weekly Signals - 6/6/25,https://chartingcycles.com/2025/06/06/weekly-signals-6-6-25/,publish,11857447
1865,2025-06-09T14:04:00,Daily Signals - 6/9/25,https://chartingcycles.com/2025/06/09/daily-signals-6-9-25/,publish,1249585
1874,2025-06-10T14:04:19,Daily Signals - 6/10/25,https://chartingcycles.com/2025/06/10/daily-signals-6-10-25/,publish,1249585
1882,2025-06-11T14:05:18,Daily Signals - 6/11/25,https://chartingcycles.com/2025/06/11/daily-signals-6-11-25/,publish,1249585
1886,2025-06-12T14:04:33,Daily Signals - 6/12/25,https://chartingcycles.com/2025/06/12/daily-signals-6-12-25/,publish,1249585
1893,2025-06-13T14:04:27,Daily Signals - 6/13/25,https://chartingcycles.com/2025/06/13/daily-signals-6-13-25/,publish,1249585
1894,2025-06-13T14:04:28,Weekly Signals - 6/13/25,https://chartingcycles.com/2025/06/13/weekly-signals-6-13-25/,publish,11857447
1901,2025-06-15T14:04:14,Developing Monthly Signals - 6/15/25,https://chartingcycles.com/2025/06/15/developing-monthly-signals-6-15-25/,publish,773294284
1905,2025-06-16T14:04:33,Daily Signals - 6/16/25,https://chartingcycles.com/2025/06/16/daily-signals-6-16-25/,publish,1249585
1909,2025-06-17T14:04:20,Daily Signals - 6/17/25,https://chartingcycles.com/2025/06/17/daily-signals-6-17-25/,publish,1249585
1911,2025-06-18T14:04:26,Daily Signals - 6/18/25,https://chartingcycles.com/2025/06/18/daily-signals-6-18-25/,publish,1249585
1915,2025-06-20T14:04:15,Daily Signals - 6/20/25,https://chartingcycles.com/2025/06/20/daily-signals-6-20-25/,publish,1249585
1916,2025-06-20T14:04:16,Weekly Signals - 6/20/25,https://chartingcycles.com/2025/06/20/weekly-signals-6-20-25/,publish,11857447
1922,2025-06-23T14:04:19,Daily Signals - 6/23/25,https://chartingcycles.com/2025/06/23/daily-signals-6-23-25/,publish,1249585
1928,2025-06-24T14:04:16,Daily Signals - 6/24/25,https://chartingcycles.com/2025/06/24/daily-signals-6-24-25/,publish,1249585
1932,2025-06-25T14:04:15,Daily Signals - 6/25/25,https://chartingcycles.com/2025/06/25/daily-signals-6-25-25/,publish,1249585
1937,2025-06-26T14:04:16,Daily Signals - 6/26/25,https://chartingcycles.com/2025/06/26/daily-signals-6-26-25/,publish,1249585
1951,2025-06-27T14:04:09,Daily Signals - 6/27/25,https://chartingcycles.com/2025/06/27/daily-signals-6-27-25/,publish,1249585
1952,2025-06-27T14:04:10,Weekly Signals - 6/27/25,https://chartingcycles.com/2025/06/27/weekly-signals-6-27-25/,publish,11857447
1971,2025-06-30T14:04:21,Daily Signals - 6/30/25,https://chartingcycles.com/2025/06/30/daily-signals-6-30-25/,publish,1249585
1972,2025-06-30T14:04:22,Monthly Signals - 6/30/25,https://chartingcycles.com/2025/06/30/monthly-signals-6-30-25/,publish,773294284
1983,2025-07-01T14:04:17,Daily Signals - 7/1/25,https://chartingcycles.com/2025/07/01/daily-signals-7-1-25/,publish,1249585
1990,2025-07-02T14:04:14,Daily Signals - 7/2/25,https://chartingcycles.com/2025/07/02/daily-signals-7-2-25/,publish,1249585
1995,2025-07-03T14:04:11,Daily Signals - 7/3/25,https://chartingcycles.com/2025/07/03/daily-signals-7-3-25/,publish,1249585
1996,2025-07-03T14:04:12,Weekly Signals - 7/3/25,https://chartingcycles.com/2025/07/03/weekly-signals-7-3-25/,publish,11857447
2013,2025-07-07T14:04:44,Daily Signals - 7/7/25,https://chartingcycles.com/2025/07/07/daily-signals-7-7-25/,publish,1249585
2024,2025-07-08T14:04:07,Daily Signals - 7/8/25,https://chartingcycles.com/2025/07/08/daily-signals-7-8-25/,publish,1249585
2031,2025-07-09T14:04:12,Daily Signals - 7/9/25,https://chartingcycles.com/2025/07/09/daily-signals-7-9-25/,publish,1249585
2036,2025-07-10T14:04:27,Daily Signals - 7/10/25,https://chartingcycles.com/2025/07/10/daily-signals-7-10-25/,publish,1249585
2039,2025-07-11T14:04:35,Daily Signals - 7/11/25,https://chartingcycles.com/2025/07/11/daily-signals-7-11-25/,publish,1249585
2040,2025-07-11T14:04:36,Weekly Signals - 7/11/25,https://chartingcycles.com/2025/07/11/weekly-signals-7-11-25/,publish,11857447
2066,2025-07-14T14:04:32,Daily Signals - 7/14/25,https://chartingcycles.com/2025/07/14/daily-signals-7-14-25/,publish,1249585
2074,2025-07-15T14:04:53,Daily Signals - 7/15/25,https://chartingcycles.com/2025/07/15/daily-signals-7-15-25/,publish,1249585
2075,2025-07-15T14:04:53,Developing Monthly Signals - 7/15/25,https://chartingcycles.com/2025/07/15/developing-monthly-signals-7-15-25/,publish,773294284
2080,2025-07-16T14:04:24,Daily Signals - 7/16/25,https://chartingcycles.com/2025/07/16/daily-signals-7-16-25/,publish,1249585
2083,2025-07-17T14:04:20,Daily Signals - 7/17/25,https://chartingcycles.com/2025/07/17/daily-signals-7-17-25/,publish,1249585
2089,2025-07-18T14:04:25,Daily Signals - 7/18/25,https://chartingcycles.com/2025/07/18/daily-signals-7-18-25/,publish,1249585
2090,2025-07-18T14:04:26,Weekly Signals - 7/18/25,https://chartingcycles.com/2025/07/18/weekly-signals-7-18-25/,publish,11857447
2098,2025-07-21T14:03:47,Daily Signals - 7/21/25,https://chartingcycles.com/2025/07/21/daily-signals-7-21-25/,publish,1249585
2102,2025-07-22T14:04:05,Daily Signals - 7/22/25,https://chartingcycles.com/2025/07/22/daily-signals-7-22-25/,publish,1249585
2107,2025-07-23T14:03:43,Daily Signals - 7/23/25,https://chartingcycles.com/2025/07/23/daily-signals-7-23-25/,publish,1249585
2114,2025-07-24T14:03:37,Daily Signals - 7/24/25,https://chartingcycles.com/2025/07/24/daily-signals-7-24-25/,publish,1249585
2121,2025-07-25T14:03:44,Daily Signals - 7/25/25,https://chartingcycles.com/2025/07/25/daily-signals-7-25-25/,publish,1249585
2122,2025-07-25T14:03:45,Weekly Signals - 7/25/25,https://chartingcycles.com/2025/07/25/weekly-signals-7-25-25/,publish,11857447
2130,2025-07-28T14:03:51,Daily Signals - 7/28/25,https://chartingcycles.com/2025/07/28/daily-signals-7-28-25/,publish,1249585
2137,2025-07-29T14:03:39,Daily Signals - 7/29/25,https://chartingcycles.com/2025/07/29/daily-signals-7-29-25/,publish,1249585
2145,2025-07-30T14:03:49,Daily Signals - 7/30/25,https://chartingcycles.com/2025/07/30/daily-signals-7-30-25/,publish,1249585
2153,2025-07-31T14:03:42,Daily Signals - 7/31/25,https://chartingcycles.com/2025/07/31/daily-signals-7-31-25/,publish,1249585
2154,2025-07-31T14:03:49,Monthly Signals - 7/31/25,https://chartingcycles.com/2025/07/31/monthly-signals-7-31-25/,publish,773294284
2157,2025-08-01T14:03:58,Daily Signals - 8/1/25,https://chartingcycles.com/2025/08/01/daily-signals-8-1-25/,publish,1249585
2158,2025-08-01T14:04:04,Weekly Signals - 8/1/25,https://chartingcycles.com/2025/08/01/weekly-signals-8-1-25/,publish,11857447
2172,2025-08-04T14:03:47,Daily Signals - 8/4/25,https://chartingcycles.com/2025/08/04/daily-signals-8-4-25/,publish,1249585
2176,2025-08-05T14:03:47,Daily Signals - 8/5/25,https://chartingcycles.com/2025/08/05/daily-signals-8-5-25/,publish,1249585
2178,2025-08-06T14:03:55,Daily Signals - 8/6/25,https://chartingcycles.com/2025/08/06/daily-signals-8-6-25/,publish,1249585
2183,2025-08-07T14:04:06,Daily Signals - 8/7/25,https://chartingcycles.com/2025/08/07/daily-signals-8-7-25/,publish,1249585
2184,2025-08-08T14:04:00,Daily Signals - 8/8/25,https://chartingcycles.com/2025/08/08/daily-signals-8-8-25/,publish,1249585
2185,2025-08-08T14:04:01,Weekly Signals - 8/8/25,https://chartingcycles.com/2025/08/08/weekly-signals-8-8-25/,publish,11857447
2194,2025-08-11T14:04:02,Daily Signals - 8/11/25,https://chartingcycles.com/2025/08/11/daily-signals-8-11-25/,publish,1249585
2197,2025-08-12T14:03:46,Daily Signals - 8/12/25,https://chartingcycles.com/2025/08/12/daily-signals-8-12-25/,publish,1249585
2199,2025-08-13T14:03:55,Daily Signals - 8/13/25,https://chartingcycles.com/2025/08/13/daily-signals-8-13-25/,publish,1249585
2204,2025-08-14T14:03:53,Daily Signals - 8/14/25,https://chartingcycles.com/2025/08/14/daily-signals-8-14-25/,publish,1249585
2208,2025-08-15T14:04:13,Daily Signals - 8/15/25,https://chartingcycles.com/2025/08/15/daily-signals-8-15-25/,publish,1249585
2209,2025-08-15T14:04:14,Weekly Signals - 8/15/25,https://chartingcycles.com/2025/08/15/weekly-signals-8-15-25/,publish,11857447
2210,2025-08-15T14:04:15,Developing Monthly Signals - 8/15/25,https://chartingcycles.com/2025/08/15/developing-monthly-signals-8-15-25/,publish,773294284
2219,2025-08-18T14:04:03,Daily Signals - 8/18/25,https://chartingcycles.com/2025/08/18/daily-signals-8-18-25/,publish,1249585
2220,2025-08-19T14:04:19,Daily Signals - 8/19/25,https://chartingcycles.com/2025/08/19/daily-signals-8-19-25/,publish,1249585
2222,2025-08-20T14:04:06,Daily Signals - 8/20/25,https://chartingcycles.com/2025/08/20/daily-signals-8-20-25/,publish,1249585
2224,2025-08-21T14:04:10,Daily Signals - 8/21/25,https://chartingcycles.com/2025/08/21/daily-signals-8-21-25/,publish,1249585
2225,2025-08-22T14:04:12,Daily Signals - 8/22/25,https://chartingcycles.com/2025/08/22/daily-signals-8-22-25/,publish,1249585
2226,2025-08-22T14:04:13,Weekly Signals - 8/22/25,https://chartingcycles.com/2025/08/22/weekly-signals-8-22-25/,publish,11857447
2235,2025-08-25T14:04:07,Daily Signals - 8/25/25,https://chartingcycles.com/2025/08/25/daily-signals-8-25-25/,publish,1249585
2236,2025-08-26T14:03:57,Daily Signals - 8/26/25,https://chartingcycles.com/2025/08/26/daily-signals-8-26-25/,publish,1249585
2240,2025-08-27T14:03:50,Daily Signals - 8/27/25,https://chartingcycles.com/2025/08/27/daily-signals-8-27-25/,publish,1249585
2242,2025-08-28T14:04:02,Daily Signals - 8/28/25,https://chartingcycles.com/2025/08/28/daily-signals-8-28-25/,publish,1249585
2243,2025-08-29T14:04:03,Daily Signals - 8/29/25,https://chartingcycles.com/2025/08/29/daily-signals-8-29-25/,publish,1249585
2244,2025-08-29T14:04:04,Weekly Signals - 8/29/25,https://chartingcycles.com/2025/08/29/weekly-signals-8-29-25/,publish,11857447
2245,2025-08-29T14:04:04,Monthly Signals - 8/29/25,https://chartingcycles.com/2025/08/29/monthly-signals-8-29-25/,publish,773294284
2249,2025-09-02T14:04:05,Daily Signals - 9/2/25,https://chartingcycles.com/2025/09/02/daily-signals-9-2-25/,publish,1249585
2253,2025-09-03T14:04:15,Daily Signals - 9/3/25,https://chartingcycles.com/2025/09/03/daily-signals-9-3-25/,publish,1249585
2258,2025-09-04T14:04:13,Daily Signals - 9/4/25,https://chartingcycles.com/2025/09/04/daily-signals-9-4-25/,publish,1249585
2260,2025-09-05T14:04:14,Daily Signals - 9/5/25,https://chartingcycles.com/2025/09/05/daily-signals-9-5-25/,publish,1249585
2261,2025-09-05T14:04:15,Weekly Signals - 9/5/25,https://chartingcycles.com/2025/09/05/weekly-signals-9-5-25/,publish,11857447
2265,2025-09-08T14:04:08,Daily Signals - 9/8/25,https://chartingcycles.com/2025/09/08/daily-signals-9-8-25/,publish,1249585
2270,2025-09-09T14:04:08,Daily Signals - 9/9/25,https://chartingcycles.com/2025/09/09/daily-signals-9-9-25/,publish,1249585
2272,2025-09-10T14:04:11,Daily Signals - 9/10/25,https://chartingcycles.com/2025/09/10/daily-signals-9-10-25/,publish,1249585
2273,2025-09-11T14:04:29,Daily Signals - 9/11/25,https://chartingcycles.com/2025/09/11/daily-signals-9-11-25/,publish,1249585
2275,2025-09-12T14:04:25,Daily Signals - 9/12/25,https://chartingcycles.com/2025/09/12/daily-signals-9-12-25/,publish,1249585
2276,2025-09-12T14:04:26,Weekly Signals - 9/12/25,https://chartingcycles.com/2025/09/12/weekly-signals-9-12-25/,publish,11857447
2281,2025-09-15T14:04:09,Daily Signals - 9/15/25,https://chartingcycles.com/2025/09/15/daily-signals-9-15-25/,publish,1249585
2282,2025-09-15T14:04:10,Developing Monthly Signals - 9/15/25,https://chartingcycles.com/2025/09/15/developing-monthly-signals-9-15-25/,publish,773294284
2284,2025-09-16T14:04:22,Daily Signals - 9/16/25,https://chartingcycles.com/2025/09/16/daily-signals-9-16-25/,publish,1249585
2286,2025-09-17T14:04:16,Daily Signals - 9/17/25,https://chartingcycles.com/2025/09/17/daily-signals-9-17-25/,publish,1249585
2288,2025-09-18T14:04:24,Daily Signals - 9/18/25,https://chartingcycles.com/2025/09/18/daily-signals-9-18-25/,publish,1249585
2293,2025-09-19T14:04:08,Daily Signals - 9/19/25,https://chartingcycles.com/2025/09/19/daily-signals-9-19-25/,publish,1249585
2294,2025-09-19T14:04:09,Weekly Signals - 9/19/25,https://chartingcycles.com/2025/09/19/weekly-signals-9-19-25/,publish,11857447
2302,2025-09-22T14:04:32,Daily Signals - 9/22/25,https://chartingcycles.com/2025/09/22/daily-signals-9-22-25/,publish,1249585
2306,2025-09-23T14:04:15,Daily Signals - 9/23/25,https://chartingcycles.com/2025/09/23/daily-signals-9-23-25/,publish,1249585
2307,2025-09-24T14:04:08,Daily Signals - 9/24/25,https://chartingcycles.com/2025/09/24/daily-signals-9-24-25/,publish,1249585
2311,2025-09-25T14:04:14,Daily Signals - 9/25/25,https://chartingcycles.com/2025/09/25/daily-signals-9-25-25/,publish,1249585
2312,2025-09-26T14:04:00,Daily Signals - 9/26/25,https://chartingcycles.com/2025/09/26/daily-signals-9-26-25/,publish,1249585
2313,2025-09-26T14:04:01,Weekly Signals - 9/26/25,https://chartingcycles.com/2025/09/26/weekly-signals-9-26-25/,publish,11857447
2321,2025-09-29T14:03:59,Daily Signals - 9/29/25,https://chartingcycles.com/2025/09/29/daily-signals-9-29-25/,publish,1249585
2322,2025-09-30T14:04:34,Daily Signals - 9/30/25,https://chartingcycles.com/2025/09/30/daily-signals-9-30-25/,publish,1249585
2323,2025-09-30T14:04:35,Monthly Signals - 9/30/25,https://chartingcycles.com/2025/09/30/monthly-signals-9-30-25/,publish,773294284
2327,2025-10-01T14:03:50,Daily Signals - 10/1/25,https://chartingcycles.com/2025/10/01/daily-signals-10-1-25/,publish,1249585
2328,2025-10-02T14:04:56,Daily Signals - 10/2/25,https://chartingcycles.com/2025/10/02/daily-signals-10-2-25/,publish,1249585
2329,2025-10-03T14:05:10,Daily Signals - 10/3/25,https://chartingcycles.com/2025/10/03/daily-signals-10-3-25/,publish,1249585
2330,2025-10-03T14:05:11,Weekly Signals - 10/3/25,https://chartingcycles.com/2025/10/03/weekly-signals-10-3-25/,publish,11857447
2334,2025-10-06T14:04:52,Daily Signals - 10/6/25,https://chartingcycles.com/2025/10/06/daily-signals-10-6-25/,publish,1249585
2338,2025-10-07T14:04:39,Daily Signals - 10/7/25,https://chartingcycles.com/2025/10/07/daily-signals-10-7-25/,publish,1249585
2344,2025-10-08T14:04:34,Daily Signals - 10/8/25,https://chartingcycles.com/2025/10/08/daily-signals-10-8-25/,publish,1249585
2345,2025-10-09T14:04:42,Daily Signals - 10/9/25,https://chartingcycles.com/2025/10/09/daily-signals-10-9-25/,publish,1249585
2346,2025-10-10T14:05:03,Daily Signals - 10/10/25,https://chartingcycles.com/2025/10/10/daily-signals-10-10-25/,publish,1249585
2347,2025-10-10T14:05:04,Weekly Signals - 10/10/25,https://chartingcycles.com/2025/10/10/weekly-signals-10-10-25/,publish,11857447
2352,2025-10-13T14:04:35,Daily Signals - 10/13/25,https://chartingcycles.com/2025/10/13/daily-signals-10-13-25/,publish,1249585
2353,2025-10-14T14:04:40,Daily Signals - 10/14/25,https://chartingcycles.com/2025/10/14/daily-signals-10-14-25/,publish,1249585
2354,2025-10-15T14:04:52,Daily Signals - 10/15/25,https://chartingcycles.com/2025/10/15/daily-signals-10-15-25/,publish,1249585
2355,2025-10-15T14:04:53,Developing Monthly Signals - 10/15/25,https://chartingcycles.com/2025/10/15/developing-monthly-signals-10-15-25/,publish,773294284
2357,2025-10-16T14:04:38,Daily Signals - 10/16/25,https://chartingcycles.com/2025/10/16/daily-signals-10-16-25/,publish,1249585
2358,2025-10-17T14:04:53,Daily Signals - 10/17/25,https://chartingcycles.com/2025/10/17/daily-signals-10-17-25/,publish,1249585
2359,2025-10-17T14:04:53,Weekly Signals - 10/17/25,https://chartingcycles.com/2025/10/17/weekly-signals-10-17-25/,publish,11857447
2364,2025-10-20T14:08:35,Daily Signals - 10/20/25,https://chartingcycles.com/2025/10/20/daily-signals-10-20-25/,publish,1249585
2369,2025-10-21T14:08:07,Daily Signals - 10/21/25,https://chartingcycles.com/2025/10/21/daily-signals-10-21-25/,publish,1249585
2370,2025-10-22T14:08:15,Daily Signals - 10/22/25,https://chartingcycles.com/2025/10/22/daily-signals-10-22-25/,publish,1249585
2371,2025-10-23T14:08:12,Daily Signals - 10/23/25,https://chartingcycles.com/2025/10/23/daily-signals-10-23-25/,publish,1249585
2372,2025-10-24T14:08:22,Daily Signals - 10/24/25,https://chartingcycles.com/2025/10/24/daily-signals-10-24-25/,publish,1249585
2373,2025-10-24T14:08:23,Weekly Signals - 10/24/25,https://chartingcycles.com/2025/10/24/weekly-signals-10-24-25/,publish,11857447
2383,2025-10-27T14:07:48,Daily Signals - 10/27/25,https://chartingcycles.com/2025/10/27/daily-signals-10-27-25/,publish,1249585
2384,2025-10-28T14:07:38,Daily Signals - 10/28/25,https://chartingcycles.com/2025/10/28/daily-signals-10-28-25/,publish,1249585
2387,2025-10-29T14:07:43,Daily Signals - 10/29/25,https://chartingcycles.com/2025/10/29/daily-signals-10-29-25/,publish,1249585
2389,2025-10-30T14:07:45,Daily Signals - 10/30/25,https://chartingcycles.com/2025/10/30/daily-signals-10-30-25/,publish,1249585
2391,2025-10-31T14:07:58,Daily Signals - 10/31/25,https://chartingcycles.com/2025/10/31/daily-signals-10-31-25/,publish,1249585
2392,2025-10-31T14:07:59,Weekly Signals - 10/31/25,https://chartingcycles.com/2025/10/31/weekly-signals-10-31-25/,publish,11857447
2393,2025-10-31T14:08:00,Monthly Signals - 10/31/25,https://chartingcycles.com/2025/10/31/monthly-signals-10-31-25/,publish,773294284
2402,2025-11-03T16:10:38,Daily Signals - 11/3/25,https://chartingcycles.com/2025/11/03/daily-signals-11-3-25/,publish,1249585
2411,2025-11-04T13:42:08,Daily Signals - 11/4/25,https://chartingcycles.com/2025/11/04/daily-signals-11-4-25/,publish,1249585
2415,2025-11-05T13:41:55,Daily Signals - 11/5/25,https://chartingcycles.com/2025/11/05/daily-signals-11-5-25/,publish,1249585
2416,2025-11-06T13:41:59,Daily Signals - 11/6/25,https://chartingcycles.com/2025/11/06/daily-signals-11-6-25/,publish,1249585
2421,2025-11-07T13:41:59,Daily Signals - 11/7/25,https://chartingcycles.com/2025/11/07/daily-signals-11-7-25/,publish,1249585
2422,2025-11-07T13:42:00,Weekly Signals - 11/7/25,https://chartingcycles.com/2025/11/07/weekly-signals-11-7-25/,publish,11857447
2425,2025-11-10T13:41:59,Daily Signals - 11/10/25,https://chartingcycles.com/2025/11/10/daily-signals-11-10-25/,publish,1249585
2430,2025-11-11T13:41:54,Daily Signals - 11/11/25,https://chartingcycles.com/2025/11/11/daily-signals-11-11-25/,publish,1249585
2432,2025-11-12T13:41:58,Daily Signals - 11/12/25,https://chartingcycles.com/2025/11/12/daily-signals-11-12-25/,publish,1249585
2433,2025-11-13T13:42:05,Daily Signals - 11/13/25,https://chartingcycles.com/2025/11/13/daily-signals-11-13-25/,publish,1249585
2434,2025-11-14T13:42:04,Daily Signals - 11/14/25,https://chartingcycles.com/2025/11/14/daily-signals-11-14-25/,publish,1249585
2435,2025-11-14T13:42:05,Weekly Signals - 11/14/25,https://chartingcycles.com/2025/11/14/weekly-signals-11-14-25/,publish,11857447
2436,2025-11-15T13:42:01,Developing Monthly Signals - 11/15/25,https://chartingcycles.com/2025/11/15/developing-monthly-signals-11-15-25/,publish,773294284
2440,2025-11-17T13:42:05,Daily Signals - 11/17/25,https://chartingcycles.com/2025/11/17/daily-signals-11-17-25/,publish,1249585
2444,2025-11-18T13:41:54,Daily Signals - 11/18/25,https://chartingcycles.com/2025/11/18/daily-signals-11-18-25/,publish,1249585
2449,2025-11-19T13:42:01,Daily Signals - 11/19/25,https://chartingcycles.com/2025/11/19/daily-signals-11-19-25/,publish,1249585
2451,2025-11-20T13:41:50,Daily Signals - 11/20/25,https://chartingcycles.com/2025/11/20/daily-signals-11-20-25/,publish,1249585
2453,2025-11-21T13:42:00,Daily Signals - 11/21/25,https://chartingcycles.com/2025/11/21/daily-signals-11-21-25/,publish,1249585
2454,2025-11-21T13:42:01,Weekly Signals - 11/21/25,https://chartingcycles.com/2025/11/21/weekly-signals-11-21-25/,publish,11857447
2461,2025-11-24T13:41:47,Daily Signals - 11/24/25,https://chartingcycles.com/2025/11/24/daily-signals-11-24-25/,publish,1249585
2462,2025-11-25T13:41:36,Daily Signals - 11/25/25,https://chartingcycles.com/2025/11/25/daily-signals-11-25-25/,publish,1249585
2465,2025-11-26T13:41:47,Daily Signals - 11/26/25,https://chartingcycles.com/2025/11/26/daily-signals-11-26-25/,publish,1249585
2471,2025-11-28T13:41:49,Daily Signals - 11/28/25,https://chartingcycles.com/2025/11/28/daily-signals-11-28-25/,publish,1249585
2472,2025-11-28T13:41:51,Monthly Signals - 11/28/25,https://chartingcycles.com/2025/11/28/monthly-signals-11-28-25/,publish,773294284
2473,2025-11-28T13:41:52,Weekly Signals - 11/28/25,https://chartingcycles.com/2025/11/28/weekly-signals-11-28-25/,publish,11857447
2477,2025-12-01T13:41:54,Daily Signals - 12/1/25,https://chartingcycles.com/2025/12/01/daily-signals-12-1-25/,publish,1249585
2481,2025-12-02T13:41:42,Daily Signals - 12/2/25,https://chartingcycles.com/2025/12/02/daily-signals-12-2-25/,publish,1249585
2492,2025-12-03T13:41:49,Daily Signals - 12/3/25,https://chartingcycles.com/2025/12/03/daily-signals-12-3-25/,publish,1249585
2497,2025-12-04T13:41:57,Daily Signals - 12/4/25,https://chartingcycles.com/2025/12/04/daily-signals-12-4-25/,publish,1249585
2500,2025-12-05T13:41:44,Daily Signals - 12/5/25,https://chartingcycles.com/2025/12/05/daily-signals-12-5-25/,publish,1249585
2501,2025-12-05T13:41:45,Weekly Signals - 12/5/25,https://chartingcycles.com/2025/12/05/weekly-signals-12-5-25/,publish,11857447
2510,2025-12-08T13:41:51,Daily Signals - 12/8/25,https://chartingcycles.com/2025/12/08/daily-signals-12-8-25/,publish,1249585
2513,2025-12-09T13:41:45,Daily Signals - 12/9/25,https://chartingcycles.com/2025/12/09/daily-signals-12-9-25/,publish,1249585
2514,2025-12-10T13:41:46,Daily Signals - 12/10/25,https://chartingcycles.com/2025/12/10/daily-signals-12-10-25/,publish,1249585
2515,2025-12-11T13:41:49,Daily Signals - 12/11/25,https://chartingcycles.com/2025/12/11/daily-signals-12-11-25/,publish,1249585
2516,2025-12-12T13:41:49,Daily Signals - 12/12/25,https://chartingcycles.com/2025/12/12/daily-signals-12-12-25/,publish,1249585
2517,2025-12-12T13:41:50,Weekly Signals - 12/12/25,https://chartingcycles.com/2025/12/12/weekly-signals-12-12-25/,publish,11857447
2528,2025-12-15T13:41:48,Daily Signals - 12/15/25,https://chartingcycles.com/2025/12/15/daily-signals-12-15-25/,publish,1249585
2529,2025-12-15T13:41:49,Developing Monthly Signals - 12/15/25,https://chartingcycles.com/2025/12/15/developing-monthly-signals-12-15-25/,publish,773294284
2531,2025-12-16T13:41:48,Daily Signals - 12/16/25,https://chartingcycles.com/2025/12/16/daily-signals-12-16-25/,publish,1249585
2534,2025-12-17T13:42:01,Daily Signals - 12/17/25,https://chartingcycles.com/2025/12/17/daily-signals-12-17-25/,publish,1249585
2535,2025-12-18T13:41:41,Daily Signals - 12/18/25,https://chartingcycles.com/2025/12/18/daily-signals-12-18-25/,publish,1249585
2539,2025-12-19T13:41:41,Daily Signals - 12/19/25,https://chartingcycles.com/2025/12/19/daily-signals-12-19-25/,publish,1249585
2540,2025-12-19T13:41:42,Weekly Signals - 12/19/25,https://chartingcycles.com/2025/12/19/weekly-signals-12-19-25/,publish,11857447
2551,2025-12-22T13:41:43,Daily Signals - 12/22/25,https://chartingcycles.com/2025/12/22/daily-signals-12-22-25/,publish,1249585
2559,2025-12-23T13:41:45,Daily Signals - 12/23/25,https://chartingcycles.com/2025/12/23/daily-signals-12-23-25/,publish,1249585
2561,2025-12-24T13:41:39,Daily Signals - 12/24/25,https://chartingcycles.com/2025/12/24/daily-signals-12-24-25/,publish,1249585
2565,2025-12-26T13:41:39,Daily Signals - 12/26/25,https://chartingcycles.com/2025/12/26/daily-signals-12-26-25/,publish,1249585
2566,2025-12-26T13:41:40,Weekly Signals - 12/26/25,https://chartingcycles.com/2025/12/26/weekly-signals-12-26-25/,publish,11857447
2574,2025-12-29T13:41:42,Daily Signals - 12/29/25,https://chartingcycles.com/2025/12/29/daily-signals-12-29-25/,publish,1249585
2575,2025-12-30T13:41:40,Daily Signals - 12/30/25,https://chartingcycles.com/2025/12/30/daily-signals-12-30-25/,publish,1249585
2577,2025-12-31T13:41:42,Daily Signals - 12/31/25,https://chartingcycles.com/2025/12/31/daily-signals-12-31-25/,publish,1249585
2578,2025-12-31T13:41:43,Monthly Signals - 12/31/25,https://chartingcycles.com/2025/12/31/monthly-signals-12-31-25/,publish,773294284
2585,2026-01-02T13:42:12,Daily Signals - 1/2/26,https://chartingcycles.com/2026/01/02/daily-signals-1-2-26/,publish,1249585
2586,2026-01-02T13:42:13,Weekly Signals - 1/2/26,https://chartingcycles.com/2026/01/02/weekly-signals-1-2-26/,publish,11857447
2590,2026-01-05T13:41:40,Daily Signals - 1/5/26,https://chartingcycles.com/2026/01/05/daily-signals-1-5-26/,publish,1249585
2595,2026-01-06T13:41:47,Daily Signals - 1/6/26,https://chartingcycles.com/2026/01/06/daily-signals-1-6-26/,publish,1249585
2599,2026-01-07T13:41:42,Daily Signals - 1/7/26,https://chartingcycles.com/2026/01/07/daily-signals-1-7-26/,publish,1249585
2600,2026-01-08T17:49:21,Daily Signals - 1/8/26,https://chartingcycles.com/2026/01/08/daily-signals-1-8-26/,publish,1249585
2604,2026-01-09T13:41:43,Daily Signals - 1/9/26,https://chartingcycles.com/2026/01/09/daily-signals-1-9-26/,publish,1249585
2605,2026-01-09T13:41:44,Weekly Signals - 1/9/26,https://chartingcycles.com/2026/01/09/weekly-signals-1-9-26/,publish,11857447
2610,2026-01-12T13:41:41,Daily Signals - 1/12/26,https://chartingcycles.com/2026/01/12/daily-signals-1-12-26/,publish,1249585
2612,2026-01-13T13:41:49,Daily Signals - 1/13/26,https://chartingcycles.com/2026/01/13/daily-signals-1-13-26/,publish,1249585
2613,2026-01-14T13:45:13,Daily Signals - 1/14/26,https://chartingcycles.com/2026/01/14/daily-signals-1-14-26/,publish,1249585
2615,2026-01-15T14:08:55,Daily Signals - 1/15/26,https://chartingcycles.com/2026/01/15/daily-signals-1-15-26/,publish,1249585
2616,2026-01-15T14:08:56,Developing Monthly Signals - 1/15/26,https://chartingcycles.com/2026/01/15/developing-monthly-signals-1-15-26/,publish,773294284
2618,2026-01-16T14:19:31,Daily Signals - 1/16/26,https://chartingcycles.com/2026/01/16/daily-signals-1-16-26/,publish,1249585
2619,2026-01-16T14:19:32,Weekly Signals - 1/16/26,https://chartingcycles.com/2026/01/16/weekly-signals-1-16-26/,publish,11857447
2627,2026-01-20T13:41:12,Daily Signals - 1/20/26,https://chartingcycles.com/2026/01/20/daily-signals-1-20-26/,publish,1249585
2629,2026-01-21T13:34:30,Daily Signals - 1/21/26,https://chartingcycles.com/2026/01/21/daily-signals-1-21-26/,publish,1249585
2631,2026-01-22T13:34:31,Daily Signals - 1/22/26,https://chartingcycles.com/2026/01/22/daily-signals-1-22-26/,publish,1249585
2632,2026-01-23T13:38:19,Daily Signals - 1/23/26,https://chartingcycles.com/2026/01/23/daily-signals-1-23-26/,publish,1249585
2633,2026-01-23T13:38:20,Weekly Signals - 1/23/26,https://chartingcycles.com/2026/01/23/weekly-signals-1-23-26/,publish,11857447
2664,2026-01-26T13:34:32,Daily Signals - 1/26/26,https://chartingcycles.com/2026/01/26/daily-signals-1-26-26/,publish,1249585
2669,2026-01-27T13:34:27,Daily Signals - 1/27/26,https://chartingcycles.com/2026/01/27/daily-signals-1-27-26/,publish,1249585
2670,2026-01-28T13:34:31,Daily Signals - 1/28/26,https://chartingcycles.com/2026/01/28/daily-signals-1-28-26/,publish,1249585
2672,2026-01-29T13:34:31,Daily Signals - 1/29/26,https://chartingcycles.com/2026/01/29/daily-signals-1-29-26/,publish,1249585
2674,2026-01-30T13:42:01,Daily Signals - 1/30/26,https://chartingcycles.com/2026/01/30/daily-signals-1-30-26/,publish,1249585
2675,2026-01-30T13:42:02,Monthly Signals - 1/30/26,https://chartingcycles.com/2026/01/30/monthly-signals-1-30-26/,publish,773294284
2676,2026-01-30T13:42:03,Weekly Signals - 1/30/26,https://chartingcycles.com/2026/01/30/weekly-signals-1-30-26/,publish,11857447
2681,2026-02-02T13:34:37,Daily Signals - 2/2/26,https://chartingcycles.com/2026/02/02/daily-signals-2-2-26/,publish,1249585
2683,2026-02-03T13:34:32,Daily Signals - 2/3/26,https://chartingcycles.com/2026/02/03/daily-signals-2-3-26/,publish,1249585
2685,2026-02-04T13:34:38,Daily Signals - 2/4/26,https://chartingcycles.com/2026/02/04/daily-signals-2-4-26/,publish,1249585
2686,2026-02-05T13:34:39,Daily Signals - 2/5/26,https://chartingcycles.com/2026/02/05/daily-signals-2-5-26/,publish,1249585
2687,2026-02-06T13:38:26,Daily Signals - 2/6/26,https://chartingcycles.com/2026/02/06/daily-signals-2-6-26/,publish,1249585
2688,2026-02-06T13:38:27,Weekly Signals - 2/6/26,https://chartingcycles.com/2026/02/06/weekly-signals-2-6-26/,publish,11857447
2717,2026-02-09T13:34:36,Daily Signals - 2/9/26,https://chartingcycles.com/2026/02/09/daily-signals-2-9-26/,publish,1249585
2722,2026-02-10T13:34:36,Daily Signals - 2/10/26,https://chartingcycles.com/2026/02/10/daily-signals-2-10-26/,publish,1249585
2723,2026-02-11T13:34:39,Daily Signals - 2/11/26,https://chartingcycles.com/2026/02/11/daily-signals-2-11-26/,publish,1249585
2725,2026-02-12T13:34:38,Daily Signals - 2/12/26,https://chartingcycles.com/2026/02/12/daily-signals-2-12-26/,publish,1249585
2726,2026-02-13T13:38:20,Daily Signals - 2/13/26,https://chartingcycles.com/2026/02/13/daily-signals-2-13-26/,publish,1249585
2727,2026-02-13T13:38:21,Weekly Signals - 2/13/26,https://chartingcycles.com/2026/02/13/weekly-signals-2-13-26/,publish,11857447
2740,2026-02-15T13:34:39,Developing Monthly Signals - 2/15/26,https://chartingcycles.com/2026/02/15/developing-monthly-signals-2-15-26/,publish,773294284
2748,2026-02-17T13:34:41,Daily Signals - 2/17/26,https://chartingcycles.com/2026/02/17/daily-signals-2-17-26/,publish,1249585
2750,2026-02-18T13:34:40,Daily Signals - 2/18/26,https://chartingcycles.com/2026/02/18/daily-signals-2-18-26/,publish,1249585
2752,2026-02-19T13:34:41,Daily Signals - 2/19/26,https://chartingcycles.com/2026/02/19/daily-signals-2-19-26/,publish,1249585
2755,2026-02-20T13:38:23,Daily Signals - 2/20/26,https://chartingcycles.com/2026/02/20/daily-signals-2-20-26/,publish,1249585
2756,2026-02-20T13:38:24,Weekly Signals - 2/20/26,https://chartingcycles.com/2026/02/20/weekly-signals-2-20-26/,publish,11857447
2765,2026-02-23T13:34:44,Daily Signals - 2/23/26,https://chartingcycles.com/2026/02/23/daily-signals-2-23-26/,publish,1249585
2766,2026-02-24T13:34:40,Daily Signals - 2/24/26,https://chartingcycles.com/2026/02/24/daily-signals-2-24-26/,publish,1249585
2767,2026-02-25T13:34:44,Daily Signals - 2/25/26,https://chartingcycles.com/2026/02/25/daily-signals-2-25-26/,publish,1249585
2771,2026-02-26T13:34:44,Daily Signals - 2/26/26,https://chartingcycles.com/2026/02/26/daily-signals-2-26-26/,publish,1249585
2774,2026-02-27T13:42:07,Daily Signals - 2/27/26,https://chartingcycles.com/2026/02/27/daily-signals-2-27-26/,publish,1249585
2775,2026-02-27T13:42:08,Monthly Signals - 2/27/26,https://chartingcycles.com/2026/02/27/monthly-signals-2-27-26/,publish,773294284
2776,2026-02-27T13:42:09,Weekly Signals - 2/27/26,https://chartingcycles.com/2026/02/27/weekly-signals-2-27-26/,publish,11857447
2778,2026-03-02T13:34:52,Daily Signals - 3/2/26,https://chartingcycles.com/2026/03/02/daily-signals-3-2-26/,publish,1249585
2785,2026-03-03T13:34:45,Daily Signals - 3/3/26,https://chartingcycles.com/2026/03/03/daily-signals-3-3-26/,publish,1249585
2787,2026-03-04T13:34:37,Daily Signals - 3/4/26,https://chartingcycles.com/2026/03/04/daily-signals-3-4-26/,publish,1249585
2788,2026-03-05T13:34:40,Daily Signals - 3/5/26,https://chartingcycles.com/2026/03/05/daily-signals-3-5-26/,publish,1249585
2789,2026-03-06T13:38:26,Daily Signals - 3/6/26,https://chartingcycles.com/2026/03/06/daily-signals-3-6-26/,publish,1249585
2790,2026-03-06T13:38:27,Weekly Signals - 3/6/26,https://chartingcycles.com/2026/03/06/weekly-signals-3-6-26/,publish,11857447
2795,2026-03-09T14:34:43,Daily Signals - 3/9/26,https://chartingcycles.com/2026/03/09/daily-signals-3-9-26/,publish,1249585
2798,2026-03-10T14:34:53,Daily Signals - 3/10/26,https://chartingcycles.com/2026/03/10/daily-signals-3-10-26/,publish,1249585
2799,2026-03-11T14:35:13,Daily Signals - 3/11/26,https://chartingcycles.com/2026/03/11/daily-signals-3-11-26/,publish,1249585
2801,2026-03-12T14:34:44,Daily Signals - 3/12/26,https://chartingcycles.com/2026/03/12/daily-signals-3-12-26/,publish,1249585
2803,2026-03-13T14:38:27,Daily Signals - 3/13/26,https://chartingcycles.com/2026/03/13/daily-signals-3-13-26/,publish,1249585
2804,2026-03-13T14:38:28,Weekly Signals - 3/13/26,https://chartingcycles.com/2026/03/13/weekly-signals-3-13-26/,publish,11857447
2806,2026-03-15T14:34:44,Developing Monthly Signals - 3/15/26,https://chartingcycles.com/2026/03/15/developing-monthly-signals-3-15-26/,publish,773294284
2812,2026-03-16T14:34:54,Daily Signals - 3/16/26,https://chartingcycles.com/2026/03/16/daily-signals-3-16-26/,publish,1249585
2817,2026-03-17T14:34:44,Daily Signals - 3/17/26,https://chartingcycles.com/2026/03/17/daily-signals-3-17-26/,publish,1249585
2834,2026-03-18T14:34:44,Daily Signals - 3/18/26,https://chartingcycles.com/2026/03/18/daily-signals-3-18-26/,publish,1249585
2836,2026-03-19T14:34:47,Daily Signals - 3/19/26,https://chartingcycles.com/2026/03/19/daily-signals-3-19-26/,publish,1249585
2837,2026-03-20T14:38:36,Daily Signals - 3/20/26,https://chartingcycles.com/2026/03/20/daily-signals-3-20-26/,publish,1249585
2838,2026-03-20T14:38:37,Weekly Signals - 3/20/26,https://chartingcycles.com/2026/03/20/weekly-signals-3-20-26/,publish,11857447
2844,2026-03-23T15:31:33,Daily Signals - 3/23/26,https://chartingcycles.com/2026/03/23/daily-signals-3-23-26/,publish,1249585
2845,2026-03-24T14:34:28,Daily Signals - 3/24/26,https://chartingcycles.com/2026/03/24/daily-signals-3-24-26/,publish,1249585
2847,2026-03-25T14:38:05,Daily Signals - 3/25/26,https://chartingcycles.com/2026/03/25/daily-signals-3-25-26/,publish,1249585
2848,2026-03-25T14:38:06,Developing Weekly Signals - 3/25/26,https://chartingcycles.com/2026/03/25/developing-weekly-signals-3-25-26/,publish,11857447
2849,2026-03-26T14:34:36,Daily Signals - 3/26/26,https://chartingcycles.com/2026/03/26/daily-signals-3-26-26/,publish,1249585
2850,2026-03-27T14:38:04,Daily Signals - 3/27/26,https://chartingcycles.com/2026/03/27/daily-signals-3-27-26/,publish,1249585
2851,2026-03-27T14:38:05,Weekly Signals - 3/27/26,https://chartingcycles.com/2026/03/27/weekly-signals-3-27-26/,publish,11857447
2863,2026-03-30T14:34:29,Daily Signals - 3/30/26,https://chartingcycles.com/2026/03/30/daily-signals-3-30-26/,publish,1249585
2869,2026-03-31T14:38:02,Daily Signals - 3/31/26,https://chartingcycles.com/2026/03/31/daily-signals-3-31-26/,publish,1249585
2870,2026-03-31T14:38:03,Monthly Signals - 3/31/26,https://chartingcycles.com/2026/03/31/monthly-signals-3-31-26/,publish,773294284
2872,2026-04-01T14:38:09,Daily Signals - 4/1/26,https://chartingcycles.com/2026/04/01/daily-signals-4-1-26/,publish,1249585
2873,2026-04-01T14:38:10,Developing Weekly Signals - 4/1/26,https://chartingcycles.com/2026/04/01/developing-weekly-signals-4-1-26/,publish,11857447
2874,2026-04-02T14:38:00,Daily Signals - 4/2/26,https://chartingcycles.com/2026/04/02/daily-signals-4-2-26/,publish,1249585
2875,2026-04-02T14:38:01,Weekly Signals - 4/2/26,https://chartingcycles.com/2026/04/02/weekly-signals-4-2-26/,publish,11857447
2881,2026-04-06T14:34:45,Daily Signals - 4/6/26,https://chartingcycles.com/2026/04/06/daily-signals-4-6-26/,publish,1249585
2887,2026-04-07T14:34:32,Daily Signals - 4/7/26,https://chartingcycles.com/2026/04/07/daily-signals-4-7-26/,publish,1249585
2897,2026-04-08T14:37:58,Daily Signals - 4/8/26,https://chartingcycles.com/2026/04/08/daily-signals-4-8-26/,publish,1249585
2898,2026-04-08T14:37:59,Developing Weekly Signals - 4/8/26,https://chartingcycles.com/2026/04/08/developing-weekly-signals-4-8-26/,publish,11857447
2904,2026-04-09T14:34:29,Daily Signals - 4/9/26,https://chartingcycles.com/2026/04/09/daily-signals-4-9-26/,publish,1249585
2906,2026-04-10T14:38:14,Daily Signals - 4/10/26,https://chartingcycles.com/2026/04/10/daily-signals-4-10-26/,publish,1249585
2907,2026-04-10T14:38:15,Weekly Signals - 4/10/26,https://chartingcycles.com/2026/04/10/weekly-signals-4-10-26/,publish,11857447
2911,2026-04-13T14:34:37,Daily Signals - 4/13/26,https://chartingcycles.com/2026/04/13/daily-signals-4-13-26/,publish,1249585
2912,2026-04-14T14:34:25,Daily Signals - 4/14/26,https://chartingcycles.com/2026/04/14/daily-signals-4-14-26/,publish,1249585
2915,2026-04-15T14:41:31,Daily Signals - 4/15/26,https://chartingcycles.com/2026/04/15/daily-signals-4-15-26/,publish,1249585
2916,2026-04-15T14:41:32,Developing Monthly Signals - 4/15/26,https://chartingcycles.com/2026/04/15/developing-monthly-signals-4-15-26/,publish,773294284
2917,2026-04-15T14:41:32,Developing Weekly Signals - 4/15/26,https://chartingcycles.com/2026/04/15/developing-weekly-signals-4-15-26/,publish,11857447
2923,2026-04-16T14:34:40,Daily Signals - 4/16/26,https://chartingcycles.com/2026/04/16/daily-signals-4-16-26/,publish,1249585
2924,2026-04-17T14:38:04,Daily Signals - 4/17/26,https://chartingcycles.com/2026/04/17/daily-signals-4-17-26/,publish,1249585
2925,2026-04-17T14:38:05,Weekly Signals - 4/17/26,https://chartingcycles.com/2026/04/17/weekly-signals-4-17-26/,publish,11857447
2933,2026-04-20T14:34:26,Daily Signals - 4/20/26,https://chartingcycles.com/2026/04/20/daily-signals-4-20-26/,publish,1249585
2937,2026-04-21T14:34:30,Daily Signals - 4/21/26,https://chartingcycles.com/2026/04/21/daily-signals-4-21-26/,publish,1249585
2938,2026-04-22T14:38:07,Daily Signals - 4/22/26,https://chartingcycles.com/2026/04/22/daily-signals-4-22-26/,publish,1249585
2939,2026-04-22T14:38:08,Developing Weekly Signals - 4/22/26,https://chartingcycles.com/2026/04/22/developing-weekly-signals-4-22-26/,publish,11857447
2940,2026-04-23T14:34:30,Daily Signals - 4/23/26,https://chartingcycles.com/2026/04/23/daily-signals-4-23-26/,publish,1249585
2942,2026-04-24T14:37:58,Daily Signals - 4/24/26,https://chartingcycles.com/2026/04/24/daily-signals-4-24-26/,publish,1249585
2943,2026-04-24T14:37:59,Weekly Signals - 4/24/26,https://chartingcycles.com/2026/04/24/weekly-signals-4-24-26/,publish,11857447
2947,2026-04-27T14:34:41,Daily Signals - 4/27/26,https://chartingcycles.com/2026/04/27/daily-signals-4-27-26/,publish,1249585
2948,2026-04-28T14:34:33,Daily Signals - 4/28/26,https://chartingcycles.com/2026/04/28/daily-signals-4-28-26/,publish,1249585
2949,2026-04-29T14:38:00,Daily Signals - 4/29/26,https://chartingcycles.com/2026/04/29/daily-signals-4-29-26/,publish,1249585
2950,2026-04-29T14:38:01,Developing Weekly Signals - 4/29/26,https://chartingcycles.com/2026/04/29/developing-weekly-signals-4-29-26/,publish,11857447
2951,2026-04-30T14:38:10,Daily Signals - 4/30/26,https://chartingcycles.com/2026/04/30/daily-signals-4-30-26/,publish,1249585
2952,2026-04-30T14:38:11,Monthly Signals - 4/30/26,https://chartingcycles.com/2026/04/30/monthly-signals-4-30-26/,publish,773294284
2953,2026-05-01T14:38:07,Daily Signals - 5/1/26,https://chartingcycles.com/2026/05/01/daily-signals-5-1-26/,publish,1249585
2954,2026-05-01T14:38:08,Weekly Signals - 5/1/26,https://chartingcycles.com/2026/05/01/weekly-signals-5-1-26/,publish,11857447
2963,2026-05-04T14:34:40,Daily Signals - 5/4/26,https://chartingcycles.com/2026/05/04/daily-signals-5-4-26/,publish,1249585
2967,2026-05-05T14:34:50,Daily Signals - 5/5/26,https://chartingcycles.com/2026/05/05/daily-signals-5-5-26/,publish,1249585
2971,2026-05-06T14:38:16,Daily Signals - 5/6/26,https://chartingcycles.com/2026/05/06/daily-signals-5-6-26/,publish,1249585
2972,2026-05-06T14:38:17,Developing Weekly Signals - 5/6/26,https://chartingcycles.com/2026/05/06/developing-weekly-signals-5-6-26/,publish,11857447
2973,2026-05-07T14:34:34,Daily Signals - 5/7/26,https://chartingcycles.com/2026/05/07/daily-signals-5-7-26/,publish,1249585
2974,2026-05-08T14:38:07,Daily Signals - 5/8/26,https://chartingcycles.com/2026/05/08/daily-signals-5-8-26/,publish,1249585
2975,2026-05-08T14:38:08,Weekly Signals - 5/8/26,https://chartingcycles.com/2026/05/08/weekly-signals-5-8-26/,publish,11857447
2979,2026-05-11T14:34:46,Daily Signals - 5/11/26,https://chartingcycles.com/2026/05/11/daily-signals-5-11-26/,publish,1249585
2980,2026-05-12T14:34:42,Daily Signals - 5/12/26,https://chartingcycles.com/2026/05/12/daily-signals-5-12-26/,publish,1249585
2981,2026-05-13T14:38:19,Daily Signals - 5/13/26,https://chartingcycles.com/2026/05/13/daily-signals-5-13-26/,publish,1249585
2982,2026-05-13T14:38:20,Developing Weekly Signals - 5/13/26,https://chartingcycles.com/2026/05/13/developing-weekly-signals-5-13-26/,publish,11857447
2985,2026-05-14T14:34:31,Daily Signals - 5/14/26,https://chartingcycles.com/2026/05/14/daily-signals-5-14-26/,publish,1249585
2987,2026-05-15T14:41:41,Daily Signals - 5/15/26,https://chartingcycles.com/2026/05/15/daily-signals-5-15-26/,publish,1249585
2988,2026-05-15T14:41:42,Developing Monthly Signals - 5/15/26,https://chartingcycles.com/2026/05/15/developing-monthly-signals-5-15-26/,publish,773294284
2989,2026-05-15T14:41:43,Weekly Signals - 5/15/26,https://chartingcycles.com/2026/05/15/weekly-signals-5-15-26/,publish,11857447
2994,2026-05-18T14:34:55,Daily Signals - 5/18/26,https://chartingcycles.com/2026/05/18/daily-signals-5-18-26/,publish,1249585
3003,2026-05-19T14:34:43,Daily Signals - 5/19/26,https://chartingcycles.com/2026/05/19/daily-signals-5-19-26/,publish,1249585
3005,2026-05-20T14:38:17,Daily Signals - 5/20/26,https://chartingcycles.com/2026/05/20/daily-signals-5-20-26/,publish,1249585
3006,2026-05-20T14:38:18,Developing Weekly Signals - 5/20/26,https://chartingcycles.com/2026/05/20/developing-weekly-signals-5-20-26/,publish,11857447
3009,2026-05-21T14:34:42,Daily Signals - 5/21/26,https://chartingcycles.com/2026/05/21/daily-signals-5-21-26/,publish,1249585
3010,2026-05-22T14:38:18,Daily Signals - 5/22/26,https://chartingcycles.com/2026/05/22/daily-signals-5-22-26/,publish,1249585
3011,2026-05-22T14:38:18,Weekly Signals - 5/22/26,https://chartingcycles.com/2026/05/22/weekly-signals-5-22-26/,publish,11857447
3012,2026-05-26T14:34:40,Daily Signals - 5/26/26,https://chartingcycles.com/2026/05/26/daily-signals-5-26-26/,publish,1249585
3017,2026-05-27T14:38:19,Daily Signals - 5/27/26,https://chartingcycles.com/2026/05/27/daily-signals-5-27-26/,publish,1249585
3018,2026-05-27T14:38:20,Developing Weekly Signals - 5/27/26,https://chartingcycles.com/2026/05/27/developing-weekly-signals-5-27-26/,publish,11857447
3019,2026-05-28T14:34:42,Daily Signals - 5/28/26,https://chartingcycles.com/2026/05/28/daily-signals-5-28-26/,publish,1249585
3020,2026-05-29T14:42:11,Daily Signals - 5/29/26,https://chartingcycles.com/2026/05/29/daily-signals-5-29-26/,publish,1249585
3021,2026-05-29T14:42:12,Monthly Signals - 5/29/26,https://chartingcycles.com/2026/05/29/monthly-signals-5-29-26/,publish,773294284
3022,2026-05-29T14:42:13,Weekly Signals - 5/29/26,https://chartingcycles.com/2026/05/29/weekly-signals-5-29-26/,publish,11857447
3026,2026-06-01T14:35:26,Daily Signals - 6/1/26,https://chartingcycles.com/2026/06/01/daily-signals-6-1-26/,publish,1249585
3028,2026-06-02T14:34:47,Daily Signals - 6/2/26,https://chartingcycles.com/2026/06/02/daily-signals-6-2-26/,publish,1249585
3029,2026-06-03T14:38:23,Daily Signals - 6/3/26,https://chartingcycles.com/2026/06/03/daily-signals-6-3-26/,publish,1249585
3030,2026-06-03T14:38:24,Developing Weekly Signals - 6/3/26,https://chartingcycles.com/2026/06/03/developing-weekly-signals-6-3-26/,publish,11857447
3031,2026-06-04T14:34:50,Daily Signals - 6/4/26,https://chartingcycles.com/2026/06/04/daily-signals-6-4-26/,publish,1249585
3032,2026-06-05T14:38:26,Daily Signals - 6/5/26,https://chartingcycles.com/2026/06/05/daily-signals-6-5-26/,publish,1249585
3033,2026-06-05T14:38:27,Weekly Signals - 6/5/26,https://chartingcycles.com/2026/06/05/weekly-signals-6-5-26/,publish,11857447
3046,2026-06-08T14:35:07,Daily Signals - 6/8/26,https://chartingcycles.com/2026/06/08/daily-signals-6-8-26/,publish,1249585
3050,2026-06-09T14:35:00,Daily Signals - 6/9/26,https://chartingcycles.com/2026/06/09/daily-signals-6-9-26/,publish,1249585
3051,2026-06-10T14:38:28,Daily Signals - 6/10/26,https://chartingcycles.com/2026/06/10/daily-signals-6-10-26/,publish,1249585
3052,2026-06-10T14:38:29,Developing Weekly Signals - 6/10/26,https://chartingcycles.com/2026/06/10/developing-weekly-signals-6-10-26/,publish,11857447
3055,2026-06-11T14:35:18,Daily Signals - 6/11/26,https://chartingcycles.com/2026/06/11/daily-signals-6-11-26/,publish,1249585
3056,2026-06-12T14:38:30,Daily Signals - 6/12/26,https://chartingcycles.com/2026/06/12/daily-signals-6-12-26/,publish,1249585
3057,2026-06-12T14:38:31,Weekly Signals - 6/12/26,https://chartingcycles.com/2026/06/12/weekly-signals-6-12-26/,publish,11857447
3061,2026-06-15T14:38:37,Daily Signals - 6/15/26,https://chartingcycles.com/2026/06/15/daily-signals-6-15-26/,publish,1249585
3062,2026-06-15T14:38:38,Developing Monthly Signals - 6/15/26,https://chartingcycles.com/2026/06/15/developing-monthly-signals-6-15-26/,publish,773294284
3063,2026-06-16T14:34:54,Daily Signals - 6/16/26,https://chartingcycles.com/2026/06/16/daily-signals-6-16-26/,publish,1249585
3064,2026-06-17T14:38:30,Daily Signals - 6/17/26,https://chartingcycles.com/2026/06/17/daily-signals-6-17-26/,publish,1249585
3065,2026-06-17T14:38:30,Developing Weekly Signals - 6/17/26,https://chartingcycles.com/2026/06/17/developing-weekly-signals-6-17-26/,publish,11857447
3066,2026-06-18T14:38:36,Daily Signals - 6/18/26,https://chartingcycles.com/2026/06/18/daily-signals-6-18-26/,publish,1249585
3067,2026-06-18T14:38:37,Weekly Signals - 6/18/26,https://chartingcycles.com/2026/06/18/weekly-signals-6-18-26/,publish,11857447
3072,2026-06-22T14:34:43,Daily Signals - 6/22/26,https://chartingcycles.com/2026/06/22/daily-signals-6-22-26/,publish,1249585
3074,2026-06-23T14:34:45,Daily Signals - 6/23/26,https://chartingcycles.com/2026/06/23/daily-signals-6-23-26/,publish,1249585
3075,2026-06-24T14:38:17,Daily Signals - 6/24/26,https://chartingcycles.com/2026/06/24/daily-signals-6-24-26/,publish,1249585
3076,2026-06-24T14:38:18,Developing Weekly Signals - 6/24/26,https://chartingcycles.com/2026/06/24/developing-weekly-signals-6-24-26/,publish,11857447
3081,2026-06-25T14:34:42,Daily Signals - 6/25/26,https://chartingcycles.com/2026/06/25/daily-signals-6-25-26/,publish,1249585
3083,2026-06-26T14:38:15,Daily Signals - 6/26/26,https://chartingcycles.com/2026/06/26/daily-signals-6-26-26/,publish,1249585
3084,2026-06-26T14:38:16,Weekly Signals - 6/26/26,https://chartingcycles.com/2026/06/26/weekly-signals-6-26-26/,publish,11857447
3088,2026-06-29T14:34:39,Daily Signals - 6/29/26,https://chartingcycles.com/2026/06/29/daily-signals-6-29-26/,publish,1249585
3089,2026-06-30T14:38:11,Daily Signals - 6/30/26,https://chartingcycles.com/2026/06/30/daily-signals-6-30-26/,publish,1249585
3090,2026-06-30T14:38:12,Monthly Signals - 6/30/26,https://chartingcycles.com/2026/06/30/monthly-signals-6-30-26/,publish,773294284
3091,2026-07-01T14:38:15,Daily Signals - 7/1/26,https://chartingcycles.com/2026/07/01/daily-signals-7-1-26/,publish,1249585
3092,2026-07-01T14:38:16,Developing Weekly Signals - 7/1/26,https://chartingcycles.com/2026/07/01/developing-weekly-signals-7-1-26/,publish,11857447
3093,2026-07-02T14:38:10,Daily Signals - 7/2/26,https://chartingcycles.com/2026/07/02/daily-signals-7-2-26/,publish,1249585
3094,2026-07-02T14:38:11,Weekly Signals - 7/2/26,https://chartingcycles.com/2026/07/02/weekly-signals-7-2-26/,publish,11857447
3098,2026-07-06T14:34:37,Daily Signals - 7/6/26,https://chartingcycles.com/2026/07/06/daily-signals-7-6-26/,publish,1249585
3102,2026-07-07T14:34:42,Daily Signals - 7/7/26,https://chartingcycles.com/2026/07/07/daily-signals-7-7-26/,publish,1249585
3103,2026-07-08T14:38:13,Daily Signals - 7/8/26,https://chartingcycles.com/2026/07/08/daily-signals-7-8-26/,publish,1249585
3104,2026-07-08T14:38:14,Developing Weekly Signals - 7/8/26,https://chartingcycles.com/2026/07/08/developing-weekly-signals-7-8-26/,publish,11857447
3105,2026-07-09T14:34:42,Daily Signals - 7/9/26,https://chartingcycles.com/2026/07/09/daily-signals-7-9-26/,publish,1249585
3106,2026-07-10T14:38:12,Daily Signals - 7/10/26,https://chartingcycles.com/2026/07/10/daily-signals-7-10-26/,publish,1249585
3107,2026-07-10T14:38:13,Weekly Signals - 7/10/26,https://chartingcycles.com/2026/07/10/weekly-signals-7-10-26/,publish,11857447
3108,2026-07-13T14:34:46,Daily Signals - 7/13/26,https://chartingcycles.com/2026/07/13/daily-signals-7-13-26/,publish,1249585
3115,2026-07-14T14:34:37,Daily Signals - 7/14/26,https://chartingcycles.com/2026/07/14/daily-signals-7-14-26/,publish,1249585
3120,2026-07-15T14:41:50,Daily Signals - 7/15/26,https://chartingcycles.com/2026/07/15/daily-signals-7-15-26/,publish,1249585
3121,2026-07-15T14:41:51,Developing Monthly Signals - 7/15/26,https://chartingcycles.com/2026/07/15/developing-monthly-signals-7-15-26/,publish,773294284
3122,2026-07-15T14:41:51,Developing Weekly Signals - 7/15/26,https://chartingcycles.com/2026/07/15/developing-weekly-signals-7-15-26/,publish,11857447
3124,2026-07-16T14:34:46,Daily Signals - 7/16/26,https://chartingcycles.com/2026/07/16/daily-signals-7-16-26/,publish,1249585
3125,2026-07-17T14:38:12,Daily Signals - 7/17/26,https://chartingcycles.com/2026/07/17/daily-signals-7-17-26/,publish,1249585
3126,2026-07-17T14:38:13,Weekly Signals - 7/17/26,https://chartingcycles.com/2026/07/17/weekly-signals-7-17-26/,publish,11857447
3127,2026-07-20T14:34:36,Daily Signals - 7/20/26,https://chartingcycles.com/2026/07/20/daily-signals-7-20-26/,publish,1249585
3131,2026-07-21T14:34:39,Daily Signals - 7/21/26,https://chartingcycles.com/2026/07/21/daily-signals-7-21-26/,publish,1249585
3134,2026-07-22T14:38:05,Daily Signals - 7/22/26,https://chartingcycles.com/2026/07/22/daily-signals-7-22-26/,publish,1249585
3135,2026-07-22T14:38:06,Developing Weekly Signals - 7/22/26,https://chartingcycles.com/2026/07/22/developing-weekly-signals-7-22-26/,publish,11857447
3136,2026-07-23T14:34:34,Daily Signals - 7/23/26,https://chartingcycles.com/2026/07/23/daily-signals-7-23-26/,publish,1249585
3138,2026-07-24T14:38:05,Daily Signals - 7/24/26,https://chartingcycles.com/2026/07/24/daily-signals-7-24-26/,publish,1249585
3139,2026-07-24T14:38:07,Weekly Signals - 7/24/26,https://chartingcycles.com/2026/07/24/weekly-signals-7-24-26/,publish,11857447
3144,2026-07-27T14:34:34,Daily Signals - 7/27/26,https://chartingcycles.com/2026/07/27/daily-signals-7-27-26/,publish,1249585
3145,2026-07-28T14:34:39,Daily Signals - 7/28/26,https://chartingcycles.com/2026/07/28/daily-signals-7-28-26/,publish,1249585
3147,2026-07-29T14:38:13,Daily Signals - 7/29/26,https://chartingcycles.com/2026/07/29/daily-signals-7-29-26/,publish,1249585
3148,2026-07-29T14:38:14,Developing Weekly Signals - 7/29/26,https://chartingcycles.com/2026/07/29/developing-weekly-signals-7-29-26/,publish,11857447
3150,2026-07-30T14:33:58,Daily Signals - 7/30/26,https://chartingcycles.com/2026/07/30/daily-signals-7-30-26/,publish,1249585
3152,2026-07-31T14:41:04,Daily Signals - 7/31/26,https://chartingcycles.com/2026/07/31/daily-signals-7-31-26/,publish,1249585
3153,2026-07-31T14:41:06,Monthly Signals - 7/31/26,https://chartingcycles.com/2026/07/31/monthly-signals-7-31-26/,publish,773294284
3154,2026-07-31T14:41:06,Weekly Signals - 7/31/26,https://chartingcycles.com/2026/07/31/weekly-signals-7-31-26/,publish,11857447
3158,2026-08-03T14:34:00,Daily Signals - 8/3/26,https://chartingcycles.com/2026/08/03/daily-signals-8-3-26/,publish,1249585
3165,2026-08-04T14:34:01,Daily Signals - 8/4/26,https://chartingcycles.com/2026/08/04/daily-signals-8-4-26/,publish,1249585
3169,2026-08-05T14:37:33,Daily Signals - 8/5/26,https://chartingcycles.com/2026/08/05/daily-signals-8-5-26/,publish,1249585
3170,2026-08-05T14:37:33,Developing Weekly Signals - 8/5/26,https://chartingcycles.com/2026/08/05/developing-weekly-signals-8-5-26/,publish,11857447
3171,2026-08-06T14:34:00,Daily Signals - 8/6/26,https://chartingcycles.com/2026/08/06/daily-signals-8-6-26/,publish,1249585
3173,2026-08-07T14:37:34,Daily Signals - 8/7/26,https://chartingcycles.com/2026/08/07/daily-signals-8-7-26/,publish,1249585
3174,2026-08-07T14:37:35,Weekly Signals - 8/7/26,https://chartingcycles.com/2026/08/07/weekly-signals-8-7-26/,publish,11857447
3176,2026-08-10T14:34:02,Daily Signals - 8/10/26,https://chartingcycles.com/2026/08/10/daily-signals-8-10-26/,publish,1249585
3183,2026-08-11T14:34:01,Daily Signals - 8/11/26,https://chartingcycles.com/2026/08/11/daily-signals-8-11-26/,publish,1249585
3184,2026-08-12T14:37:33,Daily Signals - 8/12/26,https://chartingcycles.com/2026/08/12/daily-signals-8-12-26/,publish,1249585
3185,2026-08-12T14:37:34,Developing Weekly Signals - 8/12/26,https://chartingcycles.com/2026/08/12/developing-weekly-signals-8-12-26/,publish,11857447
3187,2026-08-13T14:34:03,Daily Signals - 8/13/26,https://chartingcycles.com/2026/08/13/daily-signals-8-13-26/,publish,1249585
3189,2026-08-14T14:37:31,Daily Signals - 8/14/26,https://chartingcycles.com/2026/08/14/daily-signals-8-14-26/,publish,1249585
3190,2026-08-14T14:37:32,Weekly Signals - 8/14/26,https://chartingcycles.com/2026/08/14/weekly-signals-8-14-26/,publish,11857447
3191,2026-08-15T14:33:57,Developing Monthly Signals - 8/15/26,https://chartingcycles.com/2026/08/15/developing-monthly-signals-8-15-26/,publish,773294284
3193,2026-08-17T14:34:01,Daily Signals - 8/17/26,https://chartingcycles.com/2026/08/17/daily-signals-8-17-26/,publish,1249585
3194,2026-08-18T14:33:59,Daily Signals - 8/18/26,https://chartingcycles.com/2026/08/18/daily-signals-8-18-26/,publish,1249585
3195,2026-08-19T14:37:33,Daily Signals - 8/19/26,https://chartingcycles.com/2026/08/19/daily-signals-8-19-26/,publish,1249585
3196,2026-08-19T14:37:34,Developing Weekly Signals - 8/19/26,https://chartingcycles.com/2026/08/19/developing-weekly-signals-8-19-26/,publish,11857447
3201,2026-08-20T14:34:01,Daily Signals - 8/20/26,https://chartingcycles.com/2026/08/20/daily-signals-8-20-26/,publish,1249585
3205,2026-08-21T14:37:30,Daily Signals - 8/21/26,https://chartingcycles.com/2026/08/21/daily-signals-8-21-26/,publish,1249585
3206,2026-08-21T14:37:31,Weekly Signals - 8/21/26,https://chartingcycles.com/2026/08/21/weekly-signals-8-21-26/,publish,11857447
3207,2026-08-24T14:34:00,Daily Signals - 8/24/26,https://chartingcycles.com/2026/08/24/daily-signals-8-24-26/,publish,1249585
3211,2026-08-25T14:33:59,Daily Signals - 8/25/26,https://chartingcycles.com/2026/08/25/daily-signals-8-25-26/,publish,1249585
3212,2026-08-26T14:37:32,Daily Signals - 8/26/26,https://chartingcycles.com/2026/08/26/daily-signals-8-26-26/,publish,1249585
3213,2026-08-26T14:37:33,Developing Weekly Signals - 8/26/26,https://chartingcycles.com/2026/08/26/developing-weekly-signals-8-26-26/,publish,11857447
3214,2026-08-27T14:33:57,Daily Signals - 8/27/26,https://chartingcycles.com/2026/08/27/daily-signals-8-27-26/,publish,1249585
3215,2026-08-28T14:37:34,Daily Signals - 8/28/26,https://chartingcycles.com/2026/08/28/daily-signals-8-28-26/,publish,1249585
3216,2026-08-28T14:37:36,Weekly Signals - 8/28/26,https://chartingcycles.com/2026/08/28/weekly-signals-8-28-26/,publish,11857447
3217,2026-08-31T14:37:31,Daily Signals - 8/31/26,https://chartingcycles.com/2026/08/31/daily-signals-8-31-26/,publish,1249585
3218,2026-08-31T14:37:32,Monthly Signals - 8/31/26,https://chartingcycles.com/2026/08/31/monthly-signals-8-31-26/,publish,773294284
3222,2026-09-01T14:34:00,Daily Signals - 9/1/26,https://chartingcycles.com/2026/09/01/daily-signals-9-1-26/,publish,1249585
3223,2026-09-02T14:37:34,Daily Signals - 9/2/26,https://chartingcycles.com/2026/09/02/daily-signals-9-2-26/,publish,1249585
3224,2026-09-02T14:37:35,Developing Weekly Signals - 9/2/26,https://chartingcycles.com/2026/09/02/developing-weekly-signals-9-2-26/,publish,11857447
3225,2026-09-03T14:34:02,Daily Signals - 9/3/26,https://chartingcycles.com/2026/09/03/daily-signals-9-3-26/,publish,1249585
3226,2026-09-04T14:37:37,Daily Signals - 9/4/26,https://chartingcycles.com/2026/09/04/daily-signals-9-4-26/,publish,1249585
3227,2026-09-04T14:37:38,Weekly Signals - 9/4/26,https://chartingcycles.com/2026/09/04/weekly-signals-9-4-26/,publish,11857447
3233,2026-09-08T14:34:03,Daily Signals - 9/8/26,https://chartingcycles.com/2026/09/08/daily-signals-9-8-26/,publish,1249585
3235,2026-09-09T14:37:36,Daily Signals - 9/9/26,https://chartingcycles.com/2026/09/09/daily-signals-9-9-26/,publish,1249585
3236,2026-09-09T14:37:37,Developing Weekly Signals - 9/9/26,https://chartingcycles.com/2026/09/09/developing-weekly-signals-9-9-26/,publish,11857447
3240,2026-09-10T14:33:59,Daily Signals - 9/10/26,https://chartingcycles.com/2026/09/10/daily-signals-9-10-26/,publish,1249585
3241,2026-09-11T14:37:32,Daily Signals - 9/11/26,https://chartingcycles.com/2026/09/11/daily-signals-9-11-26/,publish,1249585
3242,2026-09-11T14:37:32,Weekly Signals - 9/11/26,https://chartingcycles.com/2026/09/11/weekly-signals-9-11-26/,publish,11857447
3244,2026-09-14T14:34:01,Daily Signals - 9/14/26,https://chartingcycles.com/2026/09/14/daily-signals-9-14-26/,publish,1249585
3248,2026-09-15T14:37:35,Daily Signals - 9/15/26,https://chartingcycles.com/2026/09/15/daily-signals-9-15-26/,publish,1249585
3249,2026-09-15T14:37:36,Developing Monthly Signals - 9/15/26,https://chartingcycles.com/2026/09/15/developing-monthly-signals-9-15-26/,publish,773294284
3254,2026-09-16T14:37:30,Daily Signals - 9/16/26,https://chartingcycles.com/2026/09/16/daily-signals-9-16-26/,publish,1249585
3255,2026-09-16T14:37:31,Developing Weekly Signals - 9/16/26,https://chartingcycles.com/2026/09/16/developing-weekly-signals-9-16-26/,publish,11857447
3256,2026-09-17T14:34:01,Daily Signals - 9/17/26,https://chartingcycles.com/2026/09/17/daily-signals-9-17-26/,publish,1249585
3257,2026-09-18T14:37:32,Daily Signals - 9/18/26,https://chartingcycles.com/2026/09/18/daily-signals-9-18-26/,publish,1249585
3258,2026-09-18T14:37:33,Weekly Signals - 9/18/26,https://chartingcycles.com/2026/09/18/weekly-signals-9-18-26/,publish,11857447
3260,2026-09-21T14:34:01,Daily Signals - 9/21/26,https://chartingcycles.com/2026/09/21/daily-signals-9-21-26/,publish,1249585
3265,2026-09-22T14:33:58,Daily Signals - 9/22/26,https://chartingcycles.com/2026/09/22/daily-signals-9-22-26/,publish,1249585
3267,2026-09-23T14:37:31,Daily Signals - 9/23/26,https://chartingcycles.com/2026/09/23/daily-signals-9-23-26/,publish,1249585
3268,2026-09-23T14:37:32,Developing Weekly Signals - 9/23/26,https://chartingcycles.com/2026/09/23/developing-weekly-signals-9-23-26/,publish,11857447
3269,2026-09-24T14:34:01,Daily Signals - 9/24/26,https://chartingcycles.com/2026/09/24/daily-signals-9-24-26/,publish,1249585
3270,2026-09-25T14:37:32,Daily Signals - 9/25/26,https://chartingcycles.com/2026/09/25/daily-signals-9-25-26/,publish,1249585
3271,2026-09-25T14:37:33,Weekly Signals - 9/25/26,https://chartingcycles.com/2026/09/25/weekly-signals-9-25-26/,publish,11857447
3274,2026-09-28T14:33:56,Daily Signals - 9/28/26,https://chartingcycles.com/2026/09/28/daily-signals-9-28-26/,publish,1249585
3283,2026-09-29T14:33:57,Daily Signals - 9/29/26,https://chartingcycles.com/2026/09/29/daily-signals-9-29-26/,publish,1249585
3291,2026-09-30T14:41:04,Daily Signals - 9/30/26,https://chartingcycles.com/2026/09/30/daily-signals-9-30-26/,publish,1249585
3292,2026-09-30T14:41:05,Monthly Signals - 9/30/26,https://chartingcycles.com/2026/09/30/monthly-signals-9-30-26/,publish,773294284
3293,2026-09-30T14:41:05,Developing Weekly Signals - 9/30/26,https://chartingcycles.com/2026/09/30/developing-weekly-signals-9-30-26/,publish,11857447
474,2024-09-21T15:14:58,Backtester Now Available,https://chartingcycles.com/2024/09/21/backtester-now-available/,publish,1
539,2024-10-14T14:41:13,Vacation,https://chartingcycles.com/2024/10/14/vacation/,publish,1
626,2024-11-07T16:27:48,Daily Signals - 11/7/24,https://chartingcycles.com/2024/11/07/daily-signals-11-7-24/,publish,
1061,2025-01-11T12:54:43,Exhaustion Signal Indicator Update,https://chartingcycles.com/2025/01/11/exhaustion-signal-indicator-update/,publish,1
1110,2025-01-18T13:23:22,Backtester v2,https://chartingcycles.com/2025/01/18/backtester-v2/,publish,1
1237,2025-02-18T17:15:49,Delayed Signals - 2/18/25,https://chartingcycles.com/2025/02/18/delayed-signals-2-18-25/,publish,1
2404,2025-11-03T17:51:09,New Median % Move Enhances Signal Tables,https://chartingcycles.com/2025/11/03/new-median-move-enhances-signal-tables/,publish,1
2818,2026-03-17T15:40:32,Recent Enhancements to the Exhaustion Signal,https://chartingcycles.com/2026/03/17/recent-enhancements-to-the-exhaustion-signal/,publish,1
