date,ticker,bias,level,higher
2026-10-05,VCLT,Bullish,1,Monthly signal (Sep)
2026-10-05,VCIT,Bullish,1,Weekly signal (week of 9/21)
2026-10-05,PLD,Bullish,1,Weekly signal (week of 9/28)
2026-10-05,IEF,Bullish,1,Weekly signal (week of 9/21)
2026-10-05,DOC,Bullish,1,Weekly signal (week of 9/21)
2026-10-05,HYG,Bullish,1,Monthly signal (Aug)
2026-10-05,JNK,Bullish,1,Monthly signal (Aug)
2026-10-05,MIDD,Bullish,1,Weekly signal (week of 9/28)
2026-10-05,MGM,Bullish,1,Weekly signal (week of 9/28)
2026-10-05,BIV,Bullish,1,Weekly signal (week of 9/21)
2026-10-05,HYS,Bullish,1,Monthly signal (Aug)
2026-10-05,LDOS,Bullish,2,Monthly signal (Aug)
2026-10-05,SJNK,Bullish,1,Monthly signal (Aug)
2026-10-05,XPEV,Bullish,1,Weekly signal (week of 9/21) + Monthly signal (Aug)
